default,Identifier,Remarks,hu,it,es esm
CONTROLS,OB_MO_CONTROLS_TITLE,,BOTONI,COMANDI,LLAMES
INPUT BINDS,OB_MO_INPUTBINDS,,CAMBIA I BOTONI,CAMBIA I COMANDI,CAMBIAR LAS LLAVES
MOUSE OPTIONS,OB_MO_MOUSESETTINGS,,OPZIONI DEL MAUS,OPZIONI DEL MOUSE,OPCIONES DEL MOUSE
GAMEPAD OPTIONS,OB_MO_GAMEPADSETTINGS,,OPZIONI DEL GIOISTIC,OPZIONI DEL JOYSTICK,OPCIONES DEL JOYSTICK
,,,,,
LANGUAGE,OPTMNU_LANGUAGE,,LINGUAGGIO,LINGUA,IDIOMA
,,,,,
YOU FOUND A SECRET!,SECRETMESSAGE,,E' TROVETO N SEGRETO!,HAI TROVATO N SEGRETO!,¡Lugar secreto descubierto!
,,,,,
OLD TESTAMENT,WPN_ANTICOTESTAMENTO,,VECCHIO TESTAMENTO,ANTICO TESTAMENTO,ANTIGUO TESTAMENTO 
BLASPHEMATOR,WPN_BASTIGNATORE,,BASTIGNATORE,BASTONE BESTEMMIATORE,BASTIGNADOR
BENELLI SUPER 90,WPN_BENELLI90,,BENELLI SUPER 90,BENELLI SUPER 90,BENELLI SUPER 90
EVISCERATOR,WPN_BISTURI,,BISTURI,BISTURI,BISTURI
RUSTY KNIFE,WPN_CORTELLACCIO,,CORTELLACCIO,COLTELLACCIO,CUCHILLO
DUAL CANNONES,WPN_CPORTABLE_DUAL,,CANNELLONI,DOPPIO CANNONE,CANNELLONES
CANNON,WPN_CPORTABLE,,CANNELLONE,CANNONE,CANNELLON
DUAL DESERT EAGLES,WPN_DEAGLE_DUAL,,DU PISTOLONI,DOPPIE PISTOLONE,PISTOLONES
DESERT EAGLE,WPN_DESERTEAGLE,,PISTOLONA,PISTOLONA,PISTOLON
DOUBLE SUPER SHOTGUNS,WPN_DOPPIETTA_DUAL,,DOPPIO SCHIOPPO,DOPPIA DOPPIETTA,doble doppietta
SUPER SHOTGUN,WPN_DOPPIETTA,,SCHIOPPO,DOPPIETTA,doppietta
DOUBLE DICK,WPN_DOPPIOCAZZO,,STOCAZZO,DOPPIOCAZZO,cono
DOUBLE SCIENCE PISTOL,WPN_GAUSS2_DUAL,,PISTOLE LASER,PISTOLE LASER,DOBLE PISTOLA LASER
SCIENCE PISTOL,WPN_GAUSS2,,PISTOLA LASER,PISTOLA LASER,PISTOLA LASER
DOUBLE KNIFE-LAUNCHER,WPN_LANCIACOLTELLI_DUAL,,DOPPIO SPARACORTELLI,DOPPIO LANCIACOLTELLI,doble lanza cuchillos
KNIFE-LAUNCHER,WPN_LANCIACOLTELLI,,SPARACORTELLI,LANCIACOLTELLI,lanza cuchillos
RATZINGER-LAUNCHER,WPN_LANCIARATZINGER,,LANCIA-RATZINGER,LANCIA-RATZINGER,lanza-ratzinger
MILAN RPG,WPN_LANCIARAZZI,,LANCIAMISSILI DEL MILAN,LANCIAMISSILI DEL MILAN,lanzamisiles
DUAL M16,WPN_M16_DUAL,,DOPPIO MITRA,DOPPIO MITRA,doble ametralladora americana
M16,WPN_M16,,MITRA,MITRA,ametralladora americana
DUAL MINIGUNS,WPN_MITRAGLIONE_DUAL,,MITRAGLIONI DOPPI,MITRAGLIONI DOPPI,doble pistole de cadena
MINIGUN,WPN_MITRAGLIONE,,MITRAGLIONE,MITRAGLIONE,pistola de cadena
MP5 AKIMBO,WPN_MP5CARABINIERI_DUAL,,DU MITRA CARABINIERI,DU MITRA CARABINIERI,doble ametralladora carambas
MP5,WPN_MP5CARABINIERI,,MITRA CARABINIERI,MITRA DEI CARABINIERI,ametralladora carambas
HEROIN,WPN_PERA,,PERA,EGOREX,heroína
FISH,WPN_PESCENFACCIA,,PESCENFACCIA,PESCE IN FACCIA,PEZ
HAM,WPN_PREGIUTTO,,PREGIUTTO,PROSCIUTTO CRUDO,JAMON
OLD-ASS MACHINEGUN,WPN_RPD_DUAL,,DU MITRA GROSSI,DOPPIA MITRAGLIATRICE,ametralladora doble
DOUBLE MACHINEGUNS,WPN_RPD,,MITRA GROSSO,MITRAGLIATRICE,ametralladora
DOUBLE HUGEASS RPG,WPN_RPGCOMMANDO_DUAL,,LANCIAMISSILI DOPPIO,LANCIAMISSILI DOPPIO,lanzamisiles doble
HUGEASS RPG,WPN_RPGCOMMANDO,,LANCIAMISSILI,LANCIAMISSILI,lanzamisiles
DOUBLE WEAKASS PISTOLS,WPN_SCACCIACANI_DUAL,,SCACCIACANI DOPPIA,SCACCIACANI DOPPIA,doble ahuyentar perros
WEAKASS PISTOL,WPN_SCACCIACANI,,SCACCIACANI,SCACCIACANI,ahuyentar perros
MAXI_EXPLODER GATLING SHOTGUN 3000,WPN_SCHIOPPATORE_MAXI,,SCHIOPPATORE MAXI 3000,SCHIOPPATORE MAXI 3000,SCHIOPPADOR MAXI 3000
DOUBLE FUTURE'S RIFLE,WPN_SNIPERDELFUTURO_DUAL,,FUCILE DEL FUTURO DOPPIO,FUCILE DEL FUTURO DOPPIO,rifle del futuro doble
FUTURE'S RIFLE,WPN_SNIPERDELFUTURO,,FUCILE DEL FUTURO,FUCILE DEL FUTURO,rifle del futuro
TOOTHPICK LAUNCHER,WPN_SPARASTUZZICADENTI,,SPARA STUZZICADENTI,SPARA STUZZICADENTI,LANZAPALILLO
DUAL TOOTHPICK LAUNCHER,WPN_SPARASTUZZICADENTI_DUAL,,SPARA STUZZICADENTI DOPPIO,SPARA STUZZICADENTI DOPPIO,DOBLE LANZAPALILLO
JURASSIC PARK'S SHOTGUN,WPN_SPAS12,,FUCILE DE JURASSIC PARK,FUCILE DI JURASSIC PARK,ESCOPETA JURASSIC PARK
SUPER MIGHTY PUNCHES,WPN_SUPERCAZZOTTIVERI,,SUPER BOTTE E CAZZOTTI,SUPER BOTTE E CAZZOTTI,SUPER PALIZA
PRIESTS-SMASHER,WPN_TONFAPRETI,,TONFAPRETI,TONFAPRETI,golpearsacerdotes
RUSTY SHOTGUN,WPN_TOZ34_DUAL,,DU FUCILI AMARRETI,DOPPIO CANNE MOZZE,DOBLE ESCOPETA
DOUBLE RUSTY SHOTGUN,WPN_TOZ34,,FUCILE AMARRETO,CANNE MOZZE,ESCOPETA
DOUBLE UZIS,WPN_UZIMINI_DUAL,,MITRAGLIETTINE,DOPPIO UZI,doble ametralladora
UZI,WPN_UZIMINI,,MITRAGLIETTINA,UZI,ametralladora
HOLY PUMP SHOTGUN,WPN_WINCHESTER1300,,SCHIOPPO SANTO,FUCILE A POMPA SACRO,ESCOPETA SAGRADA
LOUIS WITTON LIMITED EDITION SHOTGUN,WPN_WINCHESTERNORMALE,,SCHIOPPO DE MARCA,FUCILE A POMPA LOUIS WITTON,ESCOPETA LOUIS WITTON
,,,,,
PISTOL,WPN_1911,,RIVOLTELLA,PISTOLA,PISTOLA
DOUBLE PISTOL,WPN_1911_DUAL,,DU RIVOLTELLE,DOPPIA PISTOLA,PISTOLA DUABLA
CHINESE SWORD,WPN_KATANA,,SPADA CINESE,SPADA CINESE,ESPADA CHINA
BIG KNIFE,WPN_MACHETE,,CORTELLONE,MACHETE,CUCHILLO GRANDE
TENNENTS BEER,WPN_TENNENTS,,BIRRA TENNENTS,BIRRA TENNENTS,TENNENT'S CERVEZA
RAPTOR LAUNCHER,WPN_YEELAUNCHER,,LANCIARAPTOR,LANCIARAPTOR,LANZARAPTOR
,,,,,
,,,,,
,,,,,
MOUSE,MOUSE_TITLE,,MAUS,MOUSE,MOUSE
MOVEMENT,MOVEMENT_TITLE,,MOVIMENTO,MOVIMENTO,MOVIMIENTO
FREE CAMERA,MNU_FREECAM,,TELECAMERA PE I CAZZI SUI,TELECAMERA LIBERA,CAMARA VOLANTE
,,,,,
THE GRAPHICS,MNU_VID_TITLE,,LA GRAFICA,LA GRAFICA,OPCIONES DE VIDEO
MONITOR,MNU_SCR_TITLE,,SCHERMO,SCHERMO ZOZZO,PANTALLA
FPS COUNTER,MNU_FPSCOUNTER,,CONTAGIRI,CONTATORE FPS,CONTADOR DE FPS
GRAPHICAL BULLSHITS,MNU_MAIALATE_TITLE,,MAIALATE GRAFICHE,MAIALATE GRAFICHE,CERDOS GRAFICOS
RENDERING,MNU_API_BACKEND,,COMPUTATORE,RENDERING,RENDERING
LENS FLARES,MNU_LENSFLARES,,FANALI SBRILLUCCICANTI,LENS FLARES,LENS FLARES
FILMIC TONEMAP,MNU_TONEMAP,,MODALITA' FILM BULO,FILMIC TONEMAP,FILMIC TONEMAP
FILM GRAIN,MNU_FILMGRAIN,,ZOZZO DELLA TV TA LO SCHERMO,GRANA PELLICOLA,GRANO DE PELICULA
LUMA SHARPEN,MNU_LUMASHARPEN,,NITIDEZZA,NITIDEZZA,Luma sharpen
SCREEN DIRT,MNU_SCRDIRT,,ZOZZO TA LO SCHERMO,SCHERMO ZOZZO,Screen Dirt
MEGASHARPEN,MNU_MEGASHARPEN,,MEGANITIDEZZA,MEGANITIDEZZA,MEGASHARPEN
ABERRATIC CHROMATION,MNU_ABCROM,,CROMERRAZIONE ABERRATICA,CROMERRAZIONE ABERRANTE,aberración cromática
TV MODE,MNU_ITALIA7,,GREZZODUE 2 REGISTRATO SU ITALIA7 LA NOTTE,GREZZODUE 2 REGISTRATO SU ITALIA7 LA NOTTE,TV MODE
RETROMODE,MNU_PIXELIZATION,,GRAFICA BRUTTA TIPO:,MODALITA' RETRO,RETROMODE
POSTERIZATION,MNU_POSTERIZATION,,PASTORIZZAZIONE,POSTERIZZAZIONE,posterización
,,,,,
TEXTURES,MNU_TEXTURES_TITLE,,TEXTURES,TEXTURES,TEXTURES
PERFORMANCES,MNU_PERFORMANCE_TITLE,,PRESTAZIONI,PRESTAZIONI,ACTUACION
CLEAR GORE (in seconds),MNU_CLEARGOREDELAY,,DURATA PEZZETTONI PER TERRA,DURATA PEZZETTONI PER TERRA,DURACIÓN DE LAS PIEZAS EN EL SUELO
,,,,,
ENABLE SMALL SPLASH PARTICLES,MNU_ENABLE_SSP,,SCHIZZI D'ACQUA CININI,ATTIVA SCHIZZI D'ACQUA PICCOLI,
ENABLE LARGE SPLASH PARTICLES,MNU_ENABLE_LSP,,SCHIZZI D'ACQUA GROSSI,ATTIVA SCHIZZI D'ACQUA GROSSI,
,,,,,
FLASHLIGHT INTENSITY,MNU_INT_TORCIA,,QUANTO FUNZIONA BENE LA TU' LUCE,INTENSITA' DELLA TORCIA,INTENSIDAD DE LA ANTORCHA
,,,,,
GAME BOY,MNU_PIXELOPTION_LOW,,GAME BOY,GAME BOY,GAME BOY
SUPER NINTENDO,MNU_PIXELOPTION_VAN,,SUPER NINTENDO,SUPER NINTENDO,SUPER NINTENDO
SEGA MEGADRIVE,MNU_PIXELOPTION_WIND,,SEGA MEGADRIVE,SEGA MEGADRIVE,SEGA MEGADRIVE
WINDOWS 97,MNU_PIXELOPTION_95,,WINDOWS 97,WINDOWS 97,WINDOWS 97
PLAYSTATION 1,MNU_PIXELOPTION_HIGH,,PLAYSTATION 1,PLAYSTATION 1,PLAYSTATION 1
,,,,,
HARDNESS,MNU_SKILLOPTS_TITLE,,DIFFICOLTA',DIFFICOLTA',DIFICULTAD
ENABLE PLAYER DAMAGE MODIFIERS,MNU_SKILLOPTS_MODENABLE,,ATTIVA MODIFICATORI DANNI,ATTIVA MODIFICATORI DANNI,ACTIVAR MODIFICADORES DE DAÑO
PLAYER DAMAGE DEALT MULTIPLIER,MNU_SKILLOPTS_DAMDEALTM,,DANNI INFLITTI,DANNI INFLITTI,DAÑO INCIDENTE
PLAYER DAMAGE RECEIVED MULTIPLIER,MNU_SKILLOPTS_DAMRECVM,,DANNI SUBITI,DANNI SUBITI,DAÑOS SUFRIDOS
MONSTER HEALTH MULTIPLIER,MNU_SKILLOPTS_MONHEALTHMUL,,SALUTE NEMICI,SALUTE NEMICI,SALUD ENEMIGOS
MONSTER DAMAGE MULTIPLIER,MNU_SKILLOPTS_MONDAMMUL,,DANNI DEI NEMICI,DANNI DEI NEMICI,DAÑO ENEMIGO
MONSTER SPEED MULTIPLIER,MNU_SKILLOPTS_MONSPDMUL,,VELOCITA' DEI NEMICI,VELOCITA' DEI NEMICI,VELOCIDAD DEL ENEMIGO
MONSTER SIZE MULTIPLIER,MNU_SKILLOPTS_MONSIZEMUL,,DIMENSIONE NEMICI,DIMENSIONE NEMICI,DIMENCIONE ENEMIGOS
MONSTER PORJECTILE VELOCITY MULTIPLIER,MNU_SKILLOPTS_MONPROJVELMUL,,VELOCITA' PROIETTILI NEMICI,VELOCITA' PROIETTILI NEMICI,VELOCIDAD DEL PROYECTIL ENEMIGOS
,,,,,
AMMO PICKUP AMOUNT MULTIPLIER,MNU_SKILLOPTS_AMMOAMOUNT,,QUANTI COLPI TROVI IN GIRO,QUANTITA' MUNIZIONI IN GIRO,CANTIDAD DE MUNICIÓN ALREDEDOR
HEALTH PICKUP AMOUNT MULTIPLIER,MNU_SKILLOPTS_HEALTHAMOUNT,,QUANTE MEDICINE TROVI PER TERRA,QUANTITA' SALUTE IN GIRO,CANTIDAD DE SALUD ALREDEDOR
,,,,,
CHEATS,MNU_CHEATS_TITLE,,TRUCCHI,TRUCCHI,ENGAÑOS
EXIT TO NEXT MAP,MNU_CHEATS_NEXTMAP,,SCAPPA ALLA MAPPA DOPO,CONCLUDI LIVELLO,NIVEL COMPLETO
RESTART CURRENT MAP,MNU_CHEATS_RESTARTMAP,,ARCOMINCIA L LIVELLO,RICOMINCIA LIVELLO,NIVEL DE REINICIO
,,,,,
,,,,,
MELEE ATTACK,BTN_SACCAGNATA,,CORTELLETA,SACCAGNATA,APUNALADO
GRENADE,BTN_SUPPLIZIO,,TIRA N SUPPLIZIO,TIRA SUPPLIZIO,GRANADA
FUCK OFF,BTN_VAFFANCULO,,MANDA AFFANCULO LA GENTE,MANDA AFFANCULO LA GENTE,MANDA A TOMAR POR CULO
,,,,,
HORIZONTAL SENSITIVITY,MOUSEMNU_SENSITIVITY_X,,SENSIBILITA' ORIZZONTALE,EMOTIVITA' ORIZZONTALE,SENSIBILIDAD ORIZONTAL
VERTICAL SENSITIVITY,MOUSEMNU_SENSITIVITY_Y,,SENSIBILITA' VERTICALE,EMOTIVITA' VERTICALE,SENSIBILIDAD VERTICAL
INVERT MOUSE,MOUSEMNU_INVERTMOUSE,,MAUS AL CONTRARIO,MOUSE INVERTITO,MOUSE INVERTIDO
,,,,,
MOVE FORWARD,CNTRLMNU_FORWARD,,VAI T'LI',MUOVITI AVANTI,Avanzar
MOVE BACKWARD,CNTRLMNU_BACK,,CAMINA AL INDIETRO,MUOVITI INDIETRO,Retroceder
STRAFE LEFT,CNTRLMNU_MOVELEFT,,CAMINA DE LA',A SINISTRA,Moverse a la izquierda
STRAFE RIGHT,CNTRLMNU_MOVERIGHT,,CAMINA DE QUA',A DESTRA,Moverse a la derecha
JUMP,CNTRLMNU_JUMP,,ZOMPA,SALTA,Saltar
CROUCH,CNTRLMNU_CROUCH,,ACUCCETE,CAMMINA ACCUCIATO,Agacharse
CROUCH TOGGLE,CNTRLMNU_TOGGLECROUCH,,CULO PER TERRA SI/NO,ACCUCCIATI SI/NO,Alternar agachado
RUN,CNTRLMNU_RUN,,FUGGE,CORRI,Correr
TOGGLE RUN,CNTRLMNU_TOGGLERUN,,FUGGE PER SEMPRE,ATTIVA CORSA,Alternar «Correr»
,,,,,
ACTION,CNTRLMNU_ACTION,,COMANDI AZIONI,COMANDI AZIONI,Acción
SHOOT,CNTRLMNU_ATTACK,,SPARA,SPARA,Fuego
SHOOT AGAIN,CNTRLMNU_ALTATTACK,,SPARA ANCORA,SPARA ANCORA,Fuego secundario
USE / INTERACT,CNTRLMNU_USE,,EPRE,USA/APRI,Usar/Abrir
,,,,,
ACTIVATE ITEM,CNTRLMNU_USEITEM,,ACENDE LA RADIO,ACCENDI LA RADIO,Activar objeto
WEAPON WHEEL,CNTRLMNU_WEAPWHEEL,,ROTA DE LE ARMI,RUOTA DELLE ARMI,RUEDA DE ARMAS
FLASHLIGHT,CNTRLMNU_TORCIA,,LUCE,TORCIA,ANTORCHA
"UGLY ""MATRIX"" EFFECT",CNTRLMNU_SLOMO,,"EFFETTACCIO BRUTTO TIPO ""MATRIX""","EFFETTO ""MATRIX"" BRUTTO","EFECTO ""MATRIX"" FEO"
,,,,,
WEAPONS,CNTRLMNU_WEAPONS,,ARMI,ARMI,Armas
NEXT WEAPON,CNTRLMNU_NEXTWEAPON,,ARMA DOPO,ARMA DOPO,Arma siguiente
PREVIOUS WEAPON,CNTRLMNU_PREVIOUSWEAPON,,ARMA PRIMA,ARMA PRIMA,Arma anterior
MELEE,CNTRLMNU_SLOT1,,"CAZZOTTI, SPADE E CORTELLI","CAZZOTTI, SPADE E COLTELLI",Melee
PISTOLS,CNTRLMNU_SLOT2,,RIVOLTELLE,PISTOLE,Pistols
SHOTGUNS,CNTRLMNU_SLOT3,,SCHIOPPI,FUCILI,Shotguns
MACHINE GUNS,CNTRLMNU_SLOT4,,MITRA,MITRA,Machine Guns
ROCKETS,CNTRLMNU_SLOT5,,MISSILI,MISSILI,Rockets
LASERS,CNTRLMNU_SLOT6,,LASER,ARMI LASER,Lasers
BIG GUNS,CNTRLMNU_SLOT7,,ARMONE GROSSE,ARMONE GROSSE,Big guns
DRUGS,CNTRLMNU_SLOT8,,DROGA,DROGA,Drugs
,,,,,
OTHER STUFF,CNTRLMNU_OTHER,,ALTRA ROBA,ALTRA ROBA,Otros
TAKE A SCREENSHOT,CNTRLMNU_SCREENSHOT,,SCREENSHOT,CATTURA SCRENSHOT,Captura de pantalla
OPEN CONSOLE,CNTRLMNU_CONSOLE,,EPRE LA CONSOL,APRI LA CONSOLE,Abrir consola
PAUSE BUTTON,CNTRLMNU_PAUSE,,FERMA L GIOCO,TASTO DI PAUSA,Pausa
,,,,,
READ HELP SECTION,CNTRLMNU_OPEN_HELP,,GUARDA TA LE ISTRUZIONI,LEGGI ISTRUZIONI,Abrir ayuda
SAVE MENU,CNTRLMNU_OPEN_SAVE,,EPRE L MENU DE SALVATAGGIO,MENU SALVATAGGIO,Menú de guardar partida
LOAD MENU,CNTRLMNU_OPEN_LOAD,,EPRE L MENU DE CARICAGGIO,MENU CARICAGGIO,Menú de cargar partida
FULL OPTIONS MENU,CNTRLMNU_OPEN_OPTIONS,,EPRE TUTTE LE OPZIONI,MENU OPZIONI COMPLETO,Menú de opciones
DISPLAY MENU,CNTRLMNU_OPEN_DISPLAY,,EPRE LE MAIALETE GRAFICHE,APRI MENU GRAFICA,Menú de opciones de visualización
QUICKSAVE,CNTRLMNU_QUICKSAVE,,SALVA ADE',SALVATAGGIO VELOCE,Guardado rápido
QUICKLOAD,CNTRLMNU_QUICKLOAD,,"ARCARCA, L VE'",CARICAMENTO LENTO,Cargado rápido
EXIT TO MAIN MENU,CNTRLMNU_EXIT_TO_MAIN,,ARVA' AL MENU DE L INIZIO,TORNA AL MENU PRINCIPALE,Salir al menú principal
QUIT GAME,CNTRLMNU_MENU_QUIT,,ARVAI A CASA TUA,ESCI DAL GIOCO,Salir del juego
,,,,,
LANGUAGE,OPTMNU_LANGUAGE,,LINGUA DE LE SCRITTE,LINGUAGGIO,Idioma
,,,,,
BRIGHTNESS,DSPLYMNU_BRIGHTNESS,,LUMINOSITA',LUMINOSITA',Brillo
GAMMA,DSPLYMNU_GAMMA,,CORREZIONE GAMMA,CORREZIONE GAMMA,Corrección gamma
CONTRAST,DSPLYMNU_CONTRAST,,CONTRASTO,CONTRASTO,Contraste
SATURATION,DSPLYMNU_SATURATION,,COLORI,COLORI,Saturación
,,,,,
FIELD OF VIEW,DSPLYMNU_FOV,,ALARGA LA VISTA,CAMPO VISIVO,Campo de visión
SCALE FACTOR,VIDMNU_SCALEFACTOR,,SCALA,FATTORE DI SCALA,Factor de escala
CUSTOM WIDHT,VIDMNU_CUSTOMX,,Lunghezza,LUNGHEZZA,Ancho personalizado
CUSTOM HEIGHT,VIDMNU_CUSTOMY,,Altezza,ALTEZZA,Alto personalizado
Apply Changes (Windowed),VIDMNU_APPLYW,,APPLICA (TA LA FINESTRA),APPLICA MODIFICHE (In Finestra),Aplicar cambios (Ventana)
Apply Changes (Fullscreen),VIDMNU_APPLYFS,,APPLICA (A SCHERMO PIENO),APPLICA MODIFICHE (Schermo Intero),Aplicar cambios (Pant. completa)
CHOOSE RESOLUTION PRESET,VIDMNU_RESPRESET,,SCEGLIE LA RISOLUZIONE,SCEGLI PRESET DI RISOLUZIONE,Elegir resolución predefinida
,,,,,
FULLSCREEN,VIDMNU_FULLSCREEN,,SCHERMO GROSSO,SCHERMO INTERO,Pantalla completa
VSYNC,DSPLYMNU_VSYNC,,SINCRONIA VERTIANALE,SINCRONIA VERTIANALE,Sincronización vertical
,,,,,
MAX FPS,VIDMNU_MAXFPS,,GIRI MASSIMI,FPS MASSIMI,Límite de FPS
FXAA QUALITY,GLPREFMNU_FXAA,,FXAA,FXAA,Calidad FXAA
MULTISAMPLE,GLPREFMNU_MULTISAMPLE,,MULTISAMPLE,ANTIALIASING,Multisampling
BLOOM,GLPREFMNU_BLOOM,,BAGLIORI,BLOOM,Efecto Bloom
RENDERING QUALITY,GLPREFMNU_RENDERQUALITY,,QUALITA' DE LA GRAFICA,QUALITA' DEL RENDERER,Calidad de Renderizado
FOG MODE,GLPREFMNU_FOGMODE,,COME VUOI LA NEBBIA,TIPO DI NEBBIA,Modo de niebla
TEXTURE FILTER MODE,GLTEXMNU_TEXFILTER,,FILTRO DE LE TEXTURES,MODALITA' FILTRO TEXTURES,Modo de filtro de texturas
ANISOTROPIC FILTER,GLTEXMNU_ANISOTROPIC,,FILTRO ANISOSTRONZO,FILTRO ANISOSTRONZO,Filtro anisotrópico
,,,,,
LIGHTS,GLLIGHTMNU_TITLE,,ROBA CHE TE FA' SCHIOPPA' PER ARIA L COMPIUTER,LUCI E OMBRE,Luces dinámicas
DYNAMIC LIGHTS,GLLIGHTMNU_LIGHTSENABLED,,LUCI BULE,LUCI DINAMICHE,Luces dinámicas (Hardware)
LIGHT SHADOWMAP,GLLIGHTMNU_LIGHTSHADOWMAP,,OMBRE BULE,OMBRE PROIETTATE,Mapeo de sombra de luz
SHADOWMAP QUALITY,GLLIGHTMNU_LIGHTSHADOWMAPQUALITY,,QUALITA' OMBRE BULE,QUALITA' OMBRE PROIETTATE,Calidad de mapeo de sombras
SHADOWMAP FILTER,GLLIGHTMNU_LIGHTSHADOWMAPFILTER,,FILTRO OMBRE BULE,FILTRO OMBRE PROIETTATE,Filtro de mapeo de sombras
,,,,,
SPRITE SHADOWS,DSPLYMNU_SPRITESHADOW,,OMBRE PROIETTATE,OMBRE PROIETTATE,Sombras de «sprites»
NUMBER OF PARTICLES,DSPLYMNU_MAXPARTICLES,,QUANTITA' PEZZETTINI,QUANTITA' PARTICELLE,Número de partículas
NUMBER OF DECALS,DSPLYMNU_MAXDECALS,,QUANTITA' SCHIZZI TA I MURI,QUANTITA' DECALCOMANIE,Número de calcomanías
SPRITES RENDERING DISTANCE,DSPLYMNU_SPRITECULL,,DISTANZA OMINI,DISTANZA RENDERING NEMICI E OGGETTI,Sprite Cull Distance
WALL RENDERING DISTANCE,DSPLYMNU_LINECULL,,DISTANZA MURI,DISTANZA RENDERING GEOMETRIA,Wall Cull Distance
Disable Render Culling,DSPLYMNU_DISABLERENDERCULL,,DISABILITA OTTIMIZZAZIONI DISTANTI,Disabilita Ottimizzazioni Rendering,Disable Render Culling
,,,,,
SOUND OPTIONS,OPTMNU_SOUND,,OPZIONI SONI,OPZIONI SUONI,Opciones de sonido
MASTER VOLUME,MODMNU_MASTERVOLUME,,VOLUME GENERALE,VOLUME GENERALE,Volumen maestro
SOUNDS VOLUME,SNDMNU_SFXVOLUME,,VOLUME SONI SPARI E CASINO,SUONI,Volumen de sonido
MENU VOLUME,SNDMNU_MENUVOLUME,,VOLUME DEL MENU,MENU,Volumen del menú
MUSIC VOLUME,SNDMNU_MUSICVOLUME,,VOLUME DE LE CANZONI,MUSICA,Volumen de la música
PLAYBACK DEVICE,OPENALMNU_PLAYBACKDEVICE,,DOVE VOI SENTI' LA MUSICA E I SONI,DISPOSITIVO RIPRODUZIONE,Dispositivo de reproducción
RESTART SOUND,SNDMNU_RESTART,,FA RIPARTI LA MUSICA E I SONI,RESETTA TUTTO L'AUDIO,Reiniciar sonido
,,,,,
CHANGE CROSSHAIR,HUDMNU_CROSSHAIR,,MIRINO,MIRINO,Retícula por defecto
,,,,,
GAMEPLAY,GAMEMNU_TITLE,,GAMEPLAY,GAMEPLAY,
,,,,,
,,,,,
,,,,,
,,,,,
THIS GAME IS INTENDED\nFOR MATURE AUDIENCES\nONLY.,INTRO_DEST,,QUESTO  GIOCO  E' DESTINATO\nAD  UN  PUBBLICO  ADULTO\nE  RESPONSABILE.,QUESTO  GIOCO  E' DESTINATO\nAD  UN  PUBBLICO  ADULTO\nE  RESPONSABILE.,ESTE JUEGO ESTÁ DESTINADO\nA  UN  PÚBLICO  ADULTO\nY  RESPONSABLE.
\cgPRODUCED BY\n\cfGIOCHI PENOSI,INTRO_PRODBY,,\cgUNA PRODUZIONE\n\cfGIOCHI PENOSI,\cgUNA PRODUZIONE\n\cfGIOCHI PENOSI,\cgUNA PRODUCCIÓN\n\cfGIOCHI PENOSI
\cgA GAME BY:\n\cfNICOLA PIRO\n\cfALESSANDRO CARDINALI\n\cfRICK DOPE\n\cfMAURIZIO DI MAMBRO\n\cfGIALLO GIUMAN,INTRO_GAMEBY,,\cgUN GIOCO DI:\n\cfNICOLA PIRO\n\cfALESSANDRO CARDINALI\n\cfRICK DOPE\n\cfMAURIZIO DI MAMBRO\n\cfGIALLO GIUMAN,\cgUN GIOCO DI:\n\cfNICOLA PIRO\n\cfALESSANDRO CARDINALI\n\cfRICK DOPE\n\cfMAURIZIO DI MAMBRO\n\cfGIALLO GIUMAN,\cgUN JUEGO DE:\n\cfNICOLA PIRO\n\cfALESSANDRO CARDINALI\n\cfRICK DOPE\n\cfMAURIZIO DI MAMBRO\n\cfGIALLO GIUMAN
\cmENGLISH TRANSLATION BY:\n\ccGIALLO GIUMAN\n\n\cmSPANISH TRANSLATION BY:\n\ccCRISTIAN LANZONI\n,INTRO_LANG,,\cmTRADUZIONE INGLESE:\n\ccGIALLO GIUMAN\n\n\cmTRADUZIONE SPAGNOLA:\n\ccCRISTIAN LANZONI\n,\cmTRADUZIONE INGLESE:\n\ccGIALLO GIUMAN\n\n\cmTRADUZIONE SPAGNOLA:\n\ccCRISTIAN LANZONI\n,
PRESS SOMETHING,INTRO_PRESS,,PIGIA QUALCOSA,PREMI QUALCOSA,PRESIONA ALGO
CHANGE LANGUAGE IN THE GRAPHICS OPTIONS,INTRO_CHANGE,,CAMBIA LINGUA TA LE OPZIONI,CAMBIA LINGUA NELLE OPZIONI,CAMBIA IDIOMA EN LAS OPCIONES
,,,,,
Press a key.,PRESSKEY,,pigia n botone,Premi un tasto.,Presiona una tecla.
,,,,,
"Useless mode ON.
",D_DEVSTR,,"Modalità inutile ATTIVATA.
","Modalità inutile ATTIVATA.
","Modo inútil ACTIVADO.
"
"Are you sure you want to
quit this great game?",QUITMSG,,se' sicuro de volette cava' così adesso?,"Sei sicuro di volere uscire
da questo grandioso gioco?","¿Estás segur@[ao_esp] de que
deseas salir de este juegazo?"
"You can't do load while in a net game!

Press a key.",LOADNET,,"Non puoi cariche' na partita se stai a gioca' su Internet!

Pigia n botone a cazzo.","Non puoi caricare una partita durante una partita in rete!

Premi un tasto.","¡No puedes cargar una partida mientras juegas en línea!

Presiona una tecla."
"You can't quickload during a netgame!

Press a key.",QLOADNET,,"Non puoi fare un quickload durante una partita in rete!

Premi un tasto.","Non puoi fare un quickload durante una partita in rete!

Premi un tasto.","¡No puedes cargar un guardado rápido mientras juegas en línea!

Presiona una tecla."
"You haven't picked a quicksave slot yet!

Press a key.",QSAVESPOT,,"Nn e' scelto nessuno slot per salva' al volo!

Pigia n botone a cazzo.","Non hai ancora scelto uno slot per il quicksave!

Premi un tasto.","¡No has seleccionado una ranura de guardado rápido!

Presiona una tecla."
"You can't start a new game
while in a network game.

Press a key.",NEWGAME,,"Non puoi iniziare una nuova partita
durante una partita in rete.

Premi un tasto.","Non puoi iniziare una nuova partita
durante una partita in rete.

Premi un tasto.","No puedes iniciar una nueva partida mientras estás jugando en línea.

Presiona una tecla."
"Are you sure? This skill level
isn't even remotely fair.

Press Y or N.",NIGHTMARE,,"Sei sicuro? Questo livello di difficoltà
è dannatamente difficile.

Premi Y oppure N.","Sei sicuro? Questo livello di difficoltà
è dannatamente difficile.

Premi Y oppure N.","¿Estás segur@[ao_esp]? Este nivel de dificultad
no es ni remotamente justo.

Presiona Y o N."
"This is the shareware version of Doom.

You need to order the entire trilogy.

Press a key.",SWSTRING,,"Questa è la versione shareware di doom.

Devi ordinare la trilogia completa.

Premi un tasto.","Questa è la versione shareware di doom.

Devi ordinare la trilogia completa.

Premi un tasto.","Esta es la versión demo (shareware) de Doom.

Necesitas adquirir la versión completa (Ultimate).

Presiona una tecla."
"You can't end a netgame!

Press a key.",NETEND,,"Non puoi terminare una partita in rete!

Premi un tasto.","Non puoi terminare una partita in rete!

Premi un tasto.","¡No puedes terminar una partida en línea!

Presiona una tecla."
"Are you sure you want to end the game?

Press Y or N.",ENDGAME,,"Se' sicuro de vole' stoppa' la partita?

Pigia Y o N","Sei sicuro di voler terminare la partita?

Premi Y oppure N.","¿Estás segur@[ao_esp] de que deseas cerrar el juego?

Presiona Y ó N."
Are you sure you want to quit?,RAVENQUITMSG,,Se' sicuro de vole abbandona' cosi'?,Sei sicuro di voler abbandonare?,¿Estás segur@[ao_esp] de que quieres salir?
Only available in the registered version,SWSTRING,,Disponibile solamente nella versione registrata,Disponibile solamente nella versione registrata,Solo disponible en la versión registrada
(Press Y to quit),DOSY,,(Pigia Y per usci'),(Premi Y per uscire),(Presiona Y para salir)
,,,,,
"Please don't leave, there's more
demons to toast!",QUITMSG1,,"Do cazzo stai a gi, nn gi' via subito cossi'!","Per favore non uscire, ci sono altri
demoni da ammazzare!","¡No te vayas, que aún quedan
demonios para freír!"
"Let's beat it -- this is turning
into a bloodbath!",QUITMSG2,,"Bravo, torna a gioca' coi tu giochini da gay","Ammettiamolo - tutto ciò si sta
trasformando in un bagno di sangue!","Aceptémoslo, ¡esto se está
convirtiendo en un baño de sangre!"
"I wouldn't leave if I were you.
DOS is much worse.",QUITMSG3,,"Non uscirei se fossi in te.
Il DOS è molto peggio.","Non uscirei se fossi in te.
Il DOS è molto peggio.","No me iría si fuera tú:
MS-DOS es mucho peor."
"You're trying to say you like DOS
better than me, right?",QUITMSG4,,"Stai cercando di dire che il DOS
ti piace più di me, vero?","Stai cercando di dire che il DOS
ti piace più di me, vero?","Estás tratando de decir que el
MS-DOS es mejor que yo, ¿cierto?"
"Don't leave yet -- there's a
demon around that corner!",QUITMSG5,,"Non abbandonare ora - c'è un
demone dietro l'angolo!","Non abbandonare ora - c'è un
demone dietro l'angolo!","¡No te vayas, que aún hay
demonios en la costa!"
"Ya know, next time you come in here
I'm gonna toast ya.",QUITMSG6,,"Sai, la prossima volta che verrai qui
ti farò a pezzi.","Sai, la prossima volta che verrai qui
ti farò a pezzi.","Ya lo sabes, la próxima vez 
que vengas voy a freírte."
Go ahead and leave. see if I care.,QUITMSG7,,"Esci pure, sai che mi frega.","Esci pure, sai che mi frega.",Ya vete. A ver si me importa.
"You want to quit?
Then, thou hast lost an eighth!",QUITMSG8,,"Vuoi uscire?
Allora hai perso il senno!","Vuoi uscire?
Allora hai perso il senno!","Salir del juego:
golpe de remo."
"Don't go now, there's a 
dimensional shambler waiting
at the DOS prompt!",QUITMSG9,,"Non andartene adesso, c'è un
portale dimensionale che ti aspetta
al prompt del DOS!","Non andartene adesso, c'è un
portale dimensionale che ti aspetta
al prompt del DOS!","¡No te vayas, que hay un vagabundo
dimensional en la consola de DOS!"
"Get outta here and go back
to your boring programs.",QUITMSG10,,"Vai fuori di qui e torna
ai tuoi noiosi programmi.","Vai fuori di qui e torna
ai tuoi noiosi programmi.","Ya vete y vuelve a tus
programitas aburridos."
"If I were your boss, I'd 
deathmatch ya in a minute!",QUITMSG11,,"Se fossi il tuo capo, ti batterei
a un deathmatch in un minuto!","Se fossi il tuo capo, ti batterei
a un deathmatch in un minuto!","Si yo fuera tu jefe, te golpearía
a muerte dentro de un minuto."
"Look, bud. you leave now
and you forfeit your body count!",QUITMSG12,,"Senti amico, esci adesso
e perdi la tua conta delle vittime!","Senti amico, esci adesso
e perdi la tua conta delle vittime!","A ver, amig@[ao_esp]. ¡Te vas ahora
y pierdes tu número de bajas!"
"Just leave. when you come
back, I'll be waiting with a bat.",QUITMSG13,,"Esci pure. quanto tornerai
ti aspetterò con un bastone.","Esci pure. quanto tornerai
ti aspetterò con un bastone.","Solo lárgate. Cuando vuelvas,
te esperaré con un bate."
"You're lucky I don't smack
you for thinking about leaving.",QUITMSG14,,"Sei fortunato che non ti picchi
per aver pensato di andartene.","Sei fortunato che non ti picchi
per aver pensato di andartene.","Tienes suerte de que
no pueda darte una paliza 
por pensar en salirte."
"Where are you going?!
What about the rebellion?",QUITMSG15,,"Dove stai andando?!
E la ribellione?","Dove stai andando?!
E la ribellione?","¿¡Adónde vas!?
¿Qué hay de la rebelión?"
"Carnage interruptus...
What a tease!",QUITMSG16,,"Macellus interruptus...
Che presa in giro!","Macellus interruptus...
Che presa in giro!","Masacre interruptus...
¡Menudo timo!"
"But you're the hope
-- my only chance!!",QUITMSG17,,"Ma tu sei la speranza
-- la mia unica possibilità!!","Ma tu sei la speranza
-- la mia unica possibilità!!","Pero tú eres la esperanza... 
¡¡Mi única oportunidad!!"
Nobody walks out on Blackbird.,QUITMSG18,,Nessuno gira le spalle a Blackbird.,Nessuno gira le spalle a Blackbird.,Nadie abandona a Blackbird.
I thought you were different...,QUITMSG19,,Pensavo tu fossi diverso...,Pensavo tu fossi diverso...,Pensé que eras diferente...
Fine! just kill and run!,QUITMSG20,,Ma bravo! Uccidi e scappi!,Ma bravo! Uccidi e scappi!,¡Bien! ¡Matas y huyes!
"You can quit...
but you can't hide...",QUITMSG21,,"Puoi uscire...
ma non puoi nasconderti...","Puoi uscire...
ma non puoi nasconderti...","Puedes salir...
Pero no esconderte..."
"Whaaa, what's the matter?
Mommy says dinnertime?",QUITMSG22,,"Eehi, che problema c'è?
La mamma ha detto che è ora di cena?","Eehi, che problema c'è?
La mamma ha detto che è ora di cena?","¿Queeeeeé?, ¿qué sucede?
¿Mami te llama a comer?"
"Don't quit now, there are still
flemoids on the loose!",QUITMSG23,,"Non uscire ora, ci sono ancora
flemoidi a piede libero!","Non uscire ora, ci sono ancora
flemoidi a piede libero!","No te vayas ahora,
¡que aún hay flemoides sueltos!"
"Don't give up -- the flemoids will
get the upper hand!",QUITMSG24,,"Non arrenderti -- i flemoidi
ci sopraffaranno!","Non arrenderti -- i flemoidi
ci sopraffaranno!","No te rindas... ¡o los
flemoides tendrán ventaja!"
"Don't leave now.
We need your help!",QUITMSG25,,"Non andartene ora.
Ci serve il tuo aiuto!","Non andartene ora.
Ci serve il tuo aiuto!","No te vayas ahora.
¡Necesitamos tu ayuda!"
"I hope you're just taking a
break for Chex(R) party mix.",QUITMSG26,,"Spero tu stia solo facendo una
pausa per prendere un Chex(R) party mix.","Spero tu stia solo facendo una
pausa per prendere un Chex(R) party mix.","Espero que solo estés tomando un descanso
para la fiesta de mezcladitos Chex(R)."
"Don't quit now!
We need your help!",QUITMSG27,,"Non uscire ora!
Ci serve il tuo aiuto!","Non uscire ora!
Ci serve il tuo aiuto!","¡No salgas ahora!
¡Necesitamos tu ayuda!"
"Don't abandon the
Intergalactic Federation of Cereals!",QUITMSG28,,"Non abbandonare la
Federazione Intergalattica dei Cereali!","Non abbandonare la
Federazione Intergalattica dei Cereali!","¡No abandones a la Federación
Intergaláctica de Cereales!"
"The real Chex(R) Warrior
wouldn't give up so fast!",QUITMSG29,,"Il vero Guerriero Chex(R)
non si arrenderebbe così in fretta!","Il vero Guerriero Chex(R)
non si arrenderebbe così in fretta!","¡El verdadero Chex(R) Warrior
no se rendiría tan rápido!"
,,,,,
You got a pickup,TXT_DEFAULTPICKUPMSG,,E' arcolto qualcosa.,Hai raccolto qualcosa,Encuentras un objeto
,,,,,
Any key will open this door,PD_ANY,,Una chiave qualunque aprirà questa porta,Una chiave qualunque aprirà questa porta,Cualquier llave puede abrir esta puerta
Any key will activate this object,PD_ANYOBJ,,Una chiave qualunque attiverà questo oggetto,Una chiave qualunque attiverà questo oggetto,Cualquier llave puede activar este objeto
You need all three keys to open this door,PD_ALL3,,Ti servono tutte e tre le chiavi per aprire questa porta,Ti servono tutte e tre le chiavi per aprire questa porta,Necesitas las tres llaves para abrir esta puerta
You need all three keys to activate this object,PD_ALL3O,,Ti servono tutte e tre le chiavi per attivare questo oggetto,Ti servono tutte e tre le chiavi per attivare questo oggetto,Necesitas las tres llaves para activar este objeto
You need all six keys to open this door,PD_ALL6,,Ti servono tutte e sei le chiavi per aprire questa porta,Ti servono tutte e sei le chiavi per aprire questa porta,Necesitas las seis llaves para abrir esta puerta
You need all six keys to activate this object,PD_ALL6O,,Ti servono tutte e tre le chiavi per attivare questo oggetto,Ti servono tutte e tre le chiavi per attivare questo oggetto,Necesitas las seis llaves para activar este objeto
You need all the keys,PD_ALLKEYS,,Ti servono tutte le chiavi,Ti servono tutte le chiavi,Necesitas todas las llaves
,,,,,
[Message unsent],HUSTR_MSGU,,[Messaggio non inviato],[Messaggio non inviato],[Mensaje sin enviar]
You mumble to yourself,HUSTR_TALKTOSELF1,,Pensi fra te e te,Pensi fra te e te,Te murmuras a ti mism@[ao_esp]
Who's there?,HUSTR_TALKTOSELF2,,Chi c'è lì?,Chi c'è lì?,¿Quién está ahí?
You scare yourself,HUSTR_TALKTOSELF3,,Ti spaventi da solo,Ti spaventi da solo,Te asustas a ti mism@[ao_esp]
You start to rave,HUSTR_TALKTOSELF4,,Inizi a delirare,Inizi a delirare,Empiezas a delirar
You've lost it...,HUSTR_TALKTOSELF5,,Sei andato...,Sei andato...,Te has vuelto loc@[ao_esp]...
[Message Sent],HUSTR_MESSAGESENT,,[Messaggio Inviato],[Messaggio Inviato],[Mensaje enviado]
,,,,,
Music Change,STSTR_MUS,,Cambio di musica,Cambio di musica,Cambio de música
Impossible Selection,STSTR_NOMUS,,Selezione impossibile,Selezione impossibile,Selección imposible
Degreelessness Mode ON,STSTR_DQDON,,Modalità Invincibilità ATTIVATA,Modalità Invincibilità ATTIVATA,Invulnerabilidad ACTIVADA
Degreelessness Mode OFF,STSTR_DQDOFF,,Modalità Invincibilità DISATTIVATA,Modalità Invincibilità DISATTIVATA,Invulnerabilidad DESACTIVADA
Ultimate Degreelessness Mode ON,STSTR_DQD2ON,,Modalità Invincibilità Ultima ATTIVATA,Modalità Invincibilità Ultima ATTIVATA,Invulnerabilidad absoluta ACTIVADA
Ultimate Degreelessness Mode OFF,STSTR_DQD2OFF,,Modalità Invincibilità Ultima DISATTIVATA,Modalità Invincibilità Ultima DISATTIVATA,Invulnerabilidad absoluta DESACTIVADA
Very Happy Ammo Added,STSTR_KFAADDED,,TUTTE LE ARMI DIOCANE SI!,Equipaggiamento Completato,Munición añadida hasta el tope
Ammo (no keys) Added,STSTR_FAADDED,,TUTTE LE ARMI MA SENZA TUTTE LE CHIAVI DI TUTTI I FORZIERI,Equipaggiamento Completato (senza chiavi),Munición añadida (sin llaves)
No Clipping Mode ON,STSTR_NCON,,Passi n mezzo ai muri ON,No Clipping ATTIVATO,Modo de traspaso ACTIVADO
No Clipping Mode OFF,STSTR_NCOFF,,Passi n mezzo ai muri OFF,No Clipping DISATTIVATO,Modo de traspaso DESACTIVADO
No Clipping Mode 2 ON,STSTR_NC2ON,,Passi n mezzo ai muri e voli anche ON,No Clipping 2 ATTIVATO,Modo de traspaso 2 ACTIVADO
No Clipping Mode 2 OFF,STSTR_NC2OFF,,Passi n mezzo ai muri e voli anche OFF,No Clipping 2 DISATTIVATO,Modo de traspaso 2 DESACTIVADO
"inVuln, Str, Inviso, Rad, Allmap, or Lite-amp",STSTR_BEHOLD,,"inVuln, berSerk, Invisib, tuta anti-Rad, mAppa tutta, o amplif-Luce","inVuln, berSerk, Invisib, tuta anti-Rad, mAppa tutta, o amplif-Luce","inVuln, Str, Inviso, Rad, Allmap, o Lite-amp."
Power-up Toggled,STSTR_BEHOLDX,,Power-up concesso/tolto,Power-up concesso/tolto,Poder alternado
... doesn't suck - GM,STSTR_CHOPPERS,,... non fa schifo - GM,... non fa schifo - GM,... no apesta - GM
Changing Level...,STSTR_CLEV,,"Grezzodue 2 sta caricando, quindi stai calmo!","Grezzodue 2 sta caricando, quindi stai calmo!","Cambiando de nivel...
"
Buddha mode ON,TXT_BUDDHAON,,Modalità Buddha ATTIVATA,Modalità Buddha ATTIVATA,Modo Buda ACTIVADO
Buddha mode OFF,TXT_BUDDHAOFF,,Modalità Buddha DISATTIVATA,Modalità Buddha DISATTIVATA,Modo Buda DESACTIVADO
Ultimate Buddha Mode ON,TXT_BUDDHA2ON,,Modalità Ultimo Buddha ATTIVATA,Modalità Ultimo Buddha ATTIVATA,Modo Buda Supremo ACTIVADO
Ultimate Buddha Mode OFF,TXT_BUDDHA2OFF,,Modalità Ultimo Buddha DISATTIVATA,Modalità Ultimo Buddha DISATTIVATA,Modo Buda Supremo DESACTIVADO
Power on,TXT_CHEATPOWERON,,Potere ATTIVATO,Potere ATTIVATO,Poder activado
Power off,TXT_CHEATPOWEROFF,,Potere DISATTIVATO,Potere DISATTIVATO,Poder desactivado
Full health,TXT_CHEATHEALTH,,Piena salute,Piena salute,Salud al máximo
All keys,TXT_CHEATKEYS,,TUTTE LE CHIAVI DI TUTTI I FORZIERI!,TUTTE LE CHIAVI DI TUTTI I FORZIERI!,Todas las llaves
Sound debug on,TXT_CHEATSOUNDON,,Debug del suono attivato,Debug del suono attivato,Depuración de sonido activada
Sound debug off,TXT_CHEATSOUNDOFF,,Debug del suono disattivato,Debug del suono disattivato,Depuración de sonido desactivada
"Trying to cheat, eh? Now you die!",TXT_CHEATIDDQD,,"Cerchi di barare, eh? Allora muori!","Cerchi di barare, eh? Allora muori!","¿Tratando de hacer trampas, eh? ¡Muere!"
Cheater - you don't deserve weapons,TXT_CHEATIDKFA,,Imbroglione - non meriti armi,Imbroglione - non meriti armi,¡Trampos@[ao_esp]! No mereces tener armas
Ticker on,TXT_CHEATTICKERON,,Ticker attivato,Ticker attivato,Contador activado
Ticker off,TXT_CHEATTICKEROFF,,Ticker disattivato,Ticker disattivato,Contador desactivado
You got it,TXT_CHEATARTIFACTS3,,Concesso,Concesso,Lo tienes
"You got the Midas Touch, baby",TXT_MIDASTOUCH,,"Hai avuto il Tocco di Mida, baby","Hai avuto il Tocco di Mida, baby","Tienes el toque de Midas, muchach@[ao_esp]"
You got the stuff!,TXT_GOTSTUFF,,Hai avuto il materiale!,Hai avuto il materiale!,¡Tienes un montón de cosas!
Freeze mode on,TXT_FREEZEON,,Modalità arresto del tempo attivata,Modalità arresto del tempo attivata,Modo suspendido activado
Freeze mode off,TXT_FREEZEOFF,,Modalità arresto del tempo disattivata,Modalità arresto del tempo disattivata,Modo suspendido desactivado
You feel strange...,TXT_STRANGE,,Ti senti strano...,Ti senti strano...,Te sientes extrañ@[ao_esp]...
You feel even stranger.,TXT_STRANGER,,Ti senti ancora più strano.,Ti senti ancora più strano.,Te sientes aún más extrañ@[ao_esp]
You feel like yourself again.,TXT_NOTSTRANGE,,Ti senti di nuovo te stesso.,Ti senti di nuovo te stesso.,Te sientes como tú mism@[ao_esp] otra vez.
Lead boots on,TXT_LEADBOOTSON,,Stivali di Piombo ON,Stivali di Piombo ON,Botas de plomo activadas
Lead boots off,TXT_LEADBOOTSOFF,,Stivali di Piombo OFF,Stivali di Piombo OFF,Botas de plomo desactivadas
You feel lighter,TXT_LIGHTER,,Ti senti più leggero,Ti senti più leggero,Te sientes más liger@[ao_esp]
Gravity weighs you down,TXT_GRAVITY,,La gravità ti riporta a terra,La gravità ti riporta a terra,La gravedad te hace descender
No Target ON,TXT_NOTARGET_ON,,Modalità Mostri ciechi e sordi ATTIVATA,Modalità Mostri ciechi e sordi ATTIVATA,No Objetivo ACTIVADO
No Target OFF,TXT_NOTARGET_OFF,,Modalità Mostri ciechi e sordi DISATTIVATA,Modalità Mostri ciechi e sordi DISATTIVATA,No Objetivo DESACTIVADO
"""Quake with fear!""",TXT_ANUBIS_ON,,"""Trema con terrore!""","""Trema con terrore!""","""¡Temblad de miedo!"""
No more Ogre Armor,TXT_ANUBIS_OFF,,Niente più armatura Ogre,Niente più armatura Ogre,No más armadura de Ogro
chasecam ON,TXT_CHASECAM_ON,,Modalità camera da inseguimento ATTIVATA,Modalità camera da inseguimento ATTIVATA,Cámara de seguimiento ACTIVADA
chasecam OFF,TXT_CHASECAM_OFF,,Modalità camera da inseguimento DISATTIVATA,Modalità camera da inseguimento DISATTIVATA,Cámara de seguimiento DESACTIVADA
1 baddie killed,TXT_BADDIE_KILLED,,Ucciso 1 maligno,Ucciso 1 maligno,Un malote aniquilado
%d baddies killed,TXT_BADDIES_KILLED,,Uccisi %d maligni,Uccisi %d maligni,%d malotes aniquilados
1 monster killed,TXT_MONSTER_KILLED,,Ucciso 1 mostro,Ucciso 1 mostro,Un monstruo aniquilado
%d monsters killed,TXT_MONSTERS_KILLED,,Uccisi %d mostri,Uccisi %d mostri,%d monstruos aniquilados
Unable to resurrect. Player is no longer connected to its body.,TXT_NO_RESURRECT,,Impossibile resuscitarsi. Il giocatore non è più connesso al suo corpo.,Impossibile resuscitarsi. Il giocatore non è più connesso al suo corpo.,Imposible de resucitar. El jugador ya no está conectado a su cuerpo.
All Artifacts!,TXT_ALL_ARTIFACTS,,Tutti gli Artefatti!,Tutti gli Artefatti!,¡Todos los artefactos!
What do you want to kill outside of a game?,TXT_WHAT_KILL,,Cosa vorresti uccidere fuori dal gioco?,Cosa vorresti uccidere fuori dal gioco?,¿Qué intentas matar fuera de una partida?
Frozen player properties turned off,TXT_NOT_FROZEN,,Proprietà del giocatore ghiacciato disattivate,Proprietà del giocatore ghiacciato disattivate,Propiedades de jugador congelado desactivadas
,,,,,
Follow Mode OFF,AMSTR_FOLLOWOFF,,Mappa che scorre ATTIVATA,Mappa scorribile ATTIVATA,Modo de seguimiento DESACTIVADO
Follow Mode ON,AMSTR_FOLLOWON,,Mappa che scorre DISATTIVATA,Mappa scorribile DISATTIVATA,Modo de seguimiento ACTIVADO
Grid ON,AMSTR_GRIDON,,Griglia ATTIVATA,Griglia ATTIVATA,Cuadrícula ACTIVADA
Grid OFF,AMSTR_GRIDOFF,,Griglia DISATTIVATA,Griglia DISATTIVATA,Cuadrícula DESACTIVADA
Texture Mode ON,AMSTR_TEXON,,Modalità Texture ATTIVATA,Modalità Texture ATTIVATA,Modo de texturas ACTIVADO
Texture Mode OFF,AMSTR_TEXOFF,,Modalità Texture DISATTIVATA,Modalità Texture DISATTIVATA,Modo de texturas DESACTIVADO
Marked Spot,AMSTR_MARKEDSPOT,,Posizione segnata,Posizione segnata,Punto marcado
All Marks Cleared,AMSTR_MARKSCLEARED,,Cancellati tutti i segni,Cancellati tutti i segni,Todas las marcas eliminadas
,,,,,
Fraglimit hit.,TXT_FRAGLIMIT,,Fraglimit raggiunto.,Fraglimit raggiunto.,Límite de bajas alcanzado.
Timelimit hit.,TXT_TIMELIMIT,,Timelimit raggiunto.,Timelimit raggiunto.,Límite de tiempo alcanzado.
%o was looking good until %g killed %hself!,SPREEKILLSELF,,%o stava andando bene finchè non si è ucciso da solo!,%o stava andando bene finchè non si è ucciso da solo!,¡%o se veía bien hasta que %g se mató a si mism@[ao_esp]!
%o's killing spree was ended by %k,SPREEOVER,,La sequela di frag di %o è stata terminata da %k,La sequela di frag di %o è stata terminata da %k,%k acabó con la racha de muerte de %o
%k is on a killing spree!,SPREE5,,%k è preda di un momento omicida!,%k è preda di un momento omicida!,¡%k está atacando de lo lindo!
%k is on a rampage!,SPREE10,,%k sta facendo un massacro!,%k sta facendo un massacro!,¡%k está en medio de una aniquilación!
%k is dominating!,SPREE15,,%k sta dominando tutti!,%k sta dominando tutti!,¡%k está dominando!
%k is unstoppable!,SPREE20,,%k è inarrestabile!,%k è inarrestabile!,¡%k es imparable!
%k is Godlike!,SPREE25,,%k è un dio!,%k è un dio!,¡%k es una máquina de matar!
Double kill!,MULTI2,,Doppia uccisione!,Doppia uccisione!,¡Dos menos!
Multi kill!,MULTI3,,Tripla uccisione!,Tripla uccisione!,¡Multidestrucción!
Ultra kill!,MULTI4,,Ultra uccisione!,Ultra uccisione!,¡¡HIPERDESTRUCCIÓN!!
Monster kill!,MULTI5,,Uccisione Mostruosa!,Uccisione Mostruosa!,¡¡¡S.U.P.E.R.D.E.S.T.R.U.C.C.I.Ó.N!!!
,,,,,
Bonus,SCORE_BONUS,,,,Bonificaciones
Color,SCORE_COLOR,,Colore,Colore,
Secret,SCORE_SECRET,,Segreto,Segreto,Secreto
Name,SCORE_NAME,,Nome,Nome,Nombre
Delay (ms),SCORE_DELAY,,Ritardo (ms),Ritardo (ms),Retraso (ms)
Frags,SCORE_FRAGS,,,,Bajas
Deaths,SCORE_DEATHS,,Morti,Morti,Muertes
Other,SCORE_OTHER,,Altro,Altro,Demás
Missed,SCORE_MISSED,,Mancati,Mancati,Pérdidas
Total,SCORE_TOTAL,,Totale,Totale,
Level Time,SCORE_LVLTIME,,Tempo Livello,Tempo Livello,Tiempo de nivel
,,,,,
Kills,TXT_IMKILLS,,Sbudellamenti,Ammazzamenti,Muertes
Items,TXT_IMITEMS,,Roba arcolta,Robe Raccolte,Objetos
Secrets,TXT_IMSECRETS,,Segreti,Segreti,Secretos
Time,TXT_IMTIME,,Tempo,Tempo,Tiempo
Par,TXT_IMPAR,,Media,Media,
Finished,WI_FINISHED,,Fnito!,Finito!,Completado
Entering,WI_ENTERING,,Prossimo livello,Prossimo livello,Entrando a:
Now entering:,WI_ENTERING,,Entrando adesso in:,Entrando adesso in:,Ahora entrando a:
,,,,,
Monsters:,AM_MONSTERS,,Nemici,Nemici,Monstruos:
Secrets:,AM_SECRETS,,Segreti,Segreti,Secretos:
Items:,AM_ITEMS,,Robe arcolte,Roba raccolta,Objetos:
,,,,,
%o suicides.,OB_SUICIDE,,%o s'è amazzeto,%o si è suicidato.,%o se ha suicidado.
%o fell too far.,OB_FALLING,,%o è caduto troppo in basso.,%o è caduto troppo in basso.,%o se ha caído desde muy alto.
%o was squished.,OB_CRUSH,,%o è stato schiacciato.,%o è stato schiacciato.,%o ha quedado aplastad@[ao_esp].
%o tried to leave.,OB_EXIT,,%o ha provato a uscire.,%o ha provato a uscire.,%o ha tratado de huir.
%o can't swim.,OB_WATER,,%o non sapeva nuotare.,%o non sapeva nuotare.,%o no sabe nadar.
%o mutated.,OB_SLIME,,%o è mutato.,%o è mutato.,%o ha mutado.
%o melted.,OB_LAVA,,%o si è sciolto.,%o si è sciolto.,%o se ha fundido.
%o went boom.,OB_BARREL,,%o ha fatto bum.,%o ha fatto bum.,%o ha explotado en mil pedazos.
%o stood in the wrong spot.,OB_SPLASH,,%o si è trovato nel posto sbagliato.,%o si è trovato nel posto sbagliato.,%o estaba en el sitio equivocado.
%o should have stood back.,OB_R_SPLASH,,%o si sarebbe dovuto allontanare.,%o si sarebbe dovuto allontanare.,%o debería haberse apartado.
%o should have stood back.,OB_ROCKET,,%o si sarebbe dovuto allontanare.,%o si sarebbe dovuto allontanare.,%o debería haberse apartado.
%o killed %hself.,OB_KILLEDSELF,,%o ha ucciso se stesso.,%o ha ucciso se stesso.,%o se ha matado a sí mism@[ao_esp].
%o was killed by the power of voodoo.,OB_VOODOO,,%o è stato ucciso dalla potenza del voodoo.,%o è stato ucciso dalla potenza del voodoo.,A %o l@[ao_esp] ha matado el poder del vudú.
%o was telefragged by %k.,OB_MPTELEFRAG,,%o è stato telefraggato da %k.,%o è stato telefraggato da %k.,A %o l@[ao_esp] ha telefragmentado %k.
%o was telefragged.,OB_MONTELEFRAG,,%o si è fatto telefraggare.,%o si è fatto telefraggare.,A %o l@[ao_esp] han telefragmentado.
%o died.,OB_DEFAULT,,%o è morto.,%o è morto.,%o ha muerto.
%o was killed by %k.,OB_MPDEFAULT,,%o è stato ucciso da %k,%o è stato ucciso da %k,A %o l@[ao_esp] ha matado %k.
%k mows down a teammate.,OB_FRIENDLY1,,%k falcia via un compagno.,%k falcia via un compagno.,%k ha acribillado a un compañero.
%k seems to need glasses.,OB_FRIENDLY2,,%k sembra che abbia bisogno di occhiali.,%k sembra che abbia bisogno di occhiali.,%k parece necesitar gafas.
%k gets a frag for the other team.,OB_FRIENDLY3,,%k regala un frag all'altro team.,%k regala un frag all'altro team.,%k ha marcado una baja para el otro equipo.
%k loses another friend.,OB_FRIENDLY4,,%k perde un altro amico.,%k perde un altro amico.,%k ha perdido a otro amigo.
,,,,,
Picked up the armor.,GOTARMOR,,,,Encuentras una armadura.
Picked up the MegaArmor!,GOTMEGA,,Raccolto una MegaArmatura!,Raccolto una MegaArmatura!,¡Encuentras una Megaarmadura!
Picked up a health bonus.,GOTHTHBONUS,,,,Encuentras salud extra.
Picked up an armor bonus.,GOTARMBONUS,,,,Encuentras blindaje extra.
Picked up a stimpack.,GOTSTIM,,Raccolto uno stimpack.,Raccolto uno stimpack.,Encuentras un estimulante.
Picked up a medikit that you REALLY need!,GOTMEDINEED,,Hai raccolto un kit medico di cui avevi PROPRIO bisogno!,Hai raccolto un kit medico di cui avevi PROPRIO bisogno!,¡Encuentras un botiquín que REALMENTE necesitabas!
Picked up a medikit.,GOTMEDIKIT,,Raccolto un kit medico.,Raccolto un kit medico.,Encuentras un botiquín.
Supercharge!,GOTSUPER,,Sfera dell'Anima!,Sfera dell'Anima!,¡Supercarga!
Picked up a blue keycard.,GOTBLUECARD,,Raccolta una card d'accesso blu.,Raccolta una card d'accesso blu.,Encuentras una tarjeta de acceso azul.
Picked up a yellow keycard.,GOTYELWCARD,,Raccolta una card d'accesso gialla.,Raccolta una card d'accesso gialla.,Encuentras una tarjeta de acceso amarilla.
Picked up a red keycard.,GOTREDCARD,,Raccolta una card d'accesso rossa.,Raccolta una card d'accesso rossa.,Encuentras una tarjeta de acceso roja.
Picked up a blue skull key.,GOTBLUESKUL,,Raccolta una chiave-teschio blu.,Raccolta una chiave-teschio blu.,Encuentras una llave de calavera azul.
Picked up a yellow skull key.,GOTYELWSKUL,,Raccolta una chiave-teschio gialla.,Raccolta una chiave-teschio gialla.,Encuentras una llave de calavera amarilla
Picked up a red skull key.,GOTREDSKUL,,Raccolta una chiave-teschio rossa.,Raccolta una chiave-teschio rossa.,Encuentras una llave de calavera roja.
Invulnerability!,GOTINVUL,,MODALITA' PORCO ON,MODALITA' PORCO ON,¡Invulnerabilidad!
Berserk!,GOTBERSERK,,,,¡Berserker!
Partial Invisibility,GOTINVIS,,Invisibilità parziale,Invisibilità parziale,Invisibilidad parcial
Radiation Shielding Suit,GOTSUIT,,Tuta anti-radiazioni,Tuta anti-radiazioni,Traje antiradiación
Computer Area Map,GOTMAP,,Mappa Completata,Mappa Completata,Mapa completo
Light Amplification Visor,GOTVISOR,,Amplificatore di luce,Amplificatore di luce,Visor de amplificación de luz
MegaSphere!,GOTMSPHERE,,MegaSfera!,MegaSfera!,¡MegaEsfera!
Picked up a clip.,GOTCLIP,,Raccolto un caricatore.,Raccolto un caricatore.,Encuentras un cargador.
Picked up a box of bullets.,GOTCLIPBOX,,Raccolta una scatola di proiettili.,Raccolta una scatola di proiettili.,Encuentras una caja de balas.
Picked up a rocket.,GOTROCKET,,Raccolto un razzo.,Raccolto un razzo.,Encuentras un misil.
Picked up a box of rockets.,GOTROCKBOX,,Raccolta una cassa di razzi.,Raccolta una cassa di razzi.,Encuentras una caja de misiles.
Picked up an energy cell.,GOTCELL,,Raccolta una batteria.,Raccolta una batteria.,Encuentras una célula de energía.
Picked up an energy cell pack.,GOTCELLBOX,,Raccolta una confezione di batterie.,Raccolta una confezione di batterie.,Encuentras un paquete de células de energía.
Picked up 4 shotgun shells.,GOTSHELLS,,Raccolte 4 cartucce per fucile.,Raccolte 4 cartucce per fucile.,Encuentras 4 cartuchos de escopeta.
Picked up a box of shotgun shells.,GOTSHELLBOX,,Raccolta una scatola di cartucce per fucile.,Raccolta una scatola di cartucce per fucile.,Encuentras una caja de cartuchos de escopeta.
Picked up a backpack full of ammo!,GOTBACKPACK,,Raccolto uno zaino zeppo di munizioni!,Raccolto uno zaino zeppo di munizioni!,¡Encuentras una mochila llena de munición!
"You got the BFG9000! Oh, yes.",GOTBFG9000,,"Hai trovato il BFG9000! Eh, sì!","Hai trovato il BFG9000! Eh, sì!",¡Encuentras una BFG9000! Qué guay.
You got the chaingun!,GOTCHAINGUN,,Hai trovato un mitragliatore!,Hai trovato un mitragliatore!,¡Encuentras una ametralladora!
A chainsaw! Find some meat!,GOTCHAINSAW,,Una motosega! Trova un po' di carne!,Una motosega! Trova un po' di carne!,¡Una motosierra! ¡Busca algo de carne!
You got the rocket launcher!,GOTLAUNCHER,,Hai trovato un lanciarazzi!,Hai trovato un lanciarazzi!,¡Encuentras un lanzamisiles!
You got the plasma gun!,GOTPLASMA,,Hai trovato un fucile al plasma!,Hai trovato un fucile al plasma!,¡Encuentras un fusil de plasma!
You got the shotgun!,GOTSHOTGUN,,Hai trovato un fucile!,Hai trovato un fucile!,¡Encuentras una escopeta!
You got the super shotgun!,GOTSHOTGUN2,,Hai trovato una doppietta!,Hai trovato una doppietta!,¡Encuentras una superescopeta!
Picked up a pistol.,PICKUP_PISTOL_DROPPED,,Raccolta una pistola.,Raccolta una pistola.,Una pistola.
You pick up a demonic dagger.,BETA_BONUS1,,Hai raccolto un pugnale demoniaco.,Hai raccolto un pugnale demoniaco.,Encuentras una daga demoníaca.
You pick up a skullchest.,BETA_BONUS2,,Hai raccolto un cofanetto del teschio.,Hai raccolto un cofanetto del teschio.,Encuentras un cofre de calaveras.
You pick up an evil sceptre.,BETA_BONUS3,,Hai raccolto uno scettro del male.,Hai raccolto uno scettro del male.,Encuentras un cetro del mal.
You pick up an unholy bible.,BETA_BONUS4,,Hai raccolto una bibbia profana.,Hai raccolto una bibbia profana.,Encuentras una biblia profana.
,,,,,
You need a blue key to activate this object,PD_BLUEO,,Ti serve una chiave blu per attivare questo oggetto,Ti serve una chiave blu per attivare questo oggetto,Necesitas una llave azul para activar este objeto
You need a red key to activate this object,PD_REDO,,Ti serve una chiave rossa per attivare questo oggetto,Ti serve una chiave rossa per attivare questo oggetto,Necesitas una llave roja para activar este objeto
You need a yellow key to activate this object,PD_YELLOWO,,Ti serve una chiave gialla per attivare questo oggetto,Ti serve una chiave gialla per attivare questo oggetto,Necesitas una llave amarilla para activar este objeto
You need a blue key to open this door,PD_BLUEK,,Ti serve una chiave blu per aprire questa porta,Ti serve una chiave blu per aprire questa porta,Necesitas una llave azul para abrir esta puerta
You need a red key to open this door,PD_REDK,,Ti serve una chiave rossa per aprire questa porta,Ti serve una chiave rossa per aprire questa porta,Necesitas una llave roja para abrir esta puerta
You need a yellow key to open this door,PD_YELLOWK,,Ti serve una chiave gialla per aprire questa porta,Ti serve una chiave gialla per aprire questa porta,Necesitas una llave amarilla para abrir esta puerta
You need a blue card to activate this object,PD_BLUECO,,Ti serve una card d'accesso blu per attivare questo oggetto,Ti serve una card d'accesso blu per attivare questo oggetto,Necesitas una tarjeta azul para activar este objeto
You need a red card to activate this object,PD_REDCO,,Ti serve una card d'accesso rossa per attivare questo oggetto,Ti serve una card d'accesso rossa per attivare questo oggetto,Necesitas una tarjeta roja para activar este objeto
You need a yellow card to activate this object,PD_YELLOWCO,,ti serve una card d'accesso gialla per attivare questo oggetto,ti serve una card d'accesso gialla per attivare questo oggetto,Necesitas una tarjeta amarilla para activar este objeto
You need a blue skull to activate this object,PD_BLUESO,,ti serve una chiave-teschio blu per attivare questo oggetto,ti serve una chiave-teschio blu per attivare questo oggetto,Necesitas una calavera azul para activar este objeto
You need a red skull to activate this object,PD_REDSO,,ti serve una chiave-teschio rossa per attivare questo oggetto,ti serve una chiave-teschio rossa per attivare questo oggetto,Necesitas una calavera roja para activar este objeto
You need a yellow skull to activate this object,PD_YELLOWSO,,ti serve una chiave-teschio gialla per attivare questo oggetto,ti serve una chiave-teschio gialla per attivare questo oggetto,Necesitas una calavera amarilla para activar este objeto
You need a blue card to open this door,PD_BLUEC,,Ti serve una card d'accesso blu per aprire questa porta,Ti serve una card d'accesso blu per aprire questa porta,Necesitas una tarjeta azul para abrir esta puerta
You need a red card to open this door,PD_REDC,,Ti serve una card d'accesso rossa per aprire questa porta,Ti serve una card d'accesso rossa per aprire questa porta,Necesitas una tarjeta roja para abrir esta puerta
You need a yellow card to open this door,PD_YELLOWC,,Ti serve una card d'accesso gialla per aprire questa porta,Ti serve una card d'accesso gialla per aprire questa porta,Necesitas una tarjeta amarilla para abrir esta puerta
You need a blue skull to open this door,PD_BLUES,,Ti serve una chiave-teschio blu per aprire questa porta,Ti serve una chiave-teschio blu per aprire questa porta,Necesitas una calavera azul para abrir esta puerta
You need a red skull to open this door,PD_REDS,,Ti serve una chiave-teschio rossa per aprire questa porta,Ti serve una chiave-teschio rossa per aprire questa porta,Necesitas una calavera roja para abrir esta puerta
You need a yellow skull to open this door,PD_YELLOWS,,Ti serve una chiave-teschio gialla per aprire questa porta,Ti serve una chiave-teschio gialla per aprire questa porta,Necesitas una calavera amarilla para abrir esta puerta
,,,,,
Zombieman,CC_ZOMBIE,,Zombie Marine,Zombie Marine,Zombi
Shotgun Guy,CC_SHOTGUN,,Zombie Sergente,Zombie Sergente,Sargento
Heavy Weapon Dude,CC_HEAVY,,Zombie Commando,Zombie Commando,Ametrallador
Imp,CC_IMP,,,,
Demon,CC_DEMON,,Pinky,Pinky,Demonio
Lost Soul,CC_LOST,,Anima Errante,Anima Errante,Alma Errante
Cacodemon,CC_CACO,,Cacodemone,Cacodemone,Cacodemonio
Hell Knight,CC_HELL,,Cavaliere Infernale,Cavaliere Infernale,Caballero del Infierno
Baron of Hell,CC_BARON,,Barone Infernale,Barone Infernale,Barón del Infierno
Arachnotron,CC_ARACH,,,,Aracnotrón
Pain Elemental,CC_PAIN,,Elementale del Dolore,Elementale del Dolore,Elemental del Dolor
Revenant,CC_REVEN,,,,
Mancubus,CC_MANCU,,,,
Arch-Vile,CC_ARCH,,Arch-vile,Arch-vile,
The Spider Mastermind,CC_SPIDER,,L'Aracnomente Suprema,L'Aracnomente Suprema,La Mente-Maestra Arácnida
The Cyberdemon,CC_CYBER,,Il Cyberdemonio,Il Cyberdemonio,El Ciberdemonio
Our Hero,CC_HERO,,Il Nostro eroe,Il Nostro eroe,Nuestro héroe
,,,,,
Sergeant,FN_SHOTGUN,,Zombie Sergente,Zombie Sergente,Sargento
Chaingunner,FN_HEAVY,,Zombie Commando,Zombie Commando,Ametrallador
Spectre,FN_SPECTRE,,Spettro,Spettro,Espectro
Spider Mastermind,FN_SPIDER,,L'Aracnomente Suprema,L'Aracnomente Suprema,Mente-Maestra Arácnida
Cyberdemon,FN_CYBER,,Il Cyberdemonio,Il Cyberdemonio,Ciberdemonio
Nazi,FN_WOLFSS,,Nazista,Nazista,
Dog,FN_DOG,,Cane,Cane,Perro
Brass Knuckles,TAG_FIST,,Tirapugni,Tirapugni,Puño americano
Chainsaw,TAG_CHAINSAW,,Motosega,Motosega,Motosierra
Pistol,TAG_PISTOL,,Pistola,Pistola,Pistola
Shotgun,TAG_SHOTGUN,,Fucile,Fucile,Escopeta
Super Shotgun,TAG_SUPERSHOTGUN,,Fucile a doppia canna,Fucile a doppia canna,Superescopeta
Chaingun,TAG_CHAINGUN,,Mitragliatore a canne rotanti,Mitragliatore a canne rotanti,Ametralladora
Rocket Launcher,TAG_ROCKETLAUNCHER,,Lanciamissili,Lanciamissili,Lanzamisiles
Plasma Rifle,TAG_PLASMARIFLE,,Fucile al Plasma,Fucile al Plasma,Fusil de plasma
BFG 9000,TAG_BFG9000,,,,
Bullets,AMMO_CLIP,,Proiettili,Proiettili,Balas
Shotgun Shells,AMMO_SHELLS,,Cartucce per fucile,Cartucce per fucile,Cartuchos de escopeta
Rockets,AMMO_ROCKETS,,Razzi,Razzi,Cohetes
Energy Cells,AMMO_CELLS,,Batterie,Batterie,Célula de energía
,,,,,
%o thought %g saw an arachnotron.,OB_STEALTHBABY,,a %o sembrava di aver visto un arachnotron.,a %o sembrava di aver visto un arachnotron.,%o ha creído ver un Aracnotrón.
%o thought %g saw an archvile.,OB_STEALTHVILE,,a %o sembrava di aver visto un Arch-Vile.,a %o sembrava di aver visto un Arch-Vile.,%o ha creído ver un Arch-Vile.
%o thought %g saw a Baron of Hell.,OB_STEALTHBARON,,a %o sembrava di aver visto un Barone Infernale.,a %o sembrava di aver visto un Barone Infernale.,%o ha creído ver un Barón del Infierno.
%o thought %g saw a cacodemon.,OB_STEALTHCACO,,a %o sembrava di aver visto un cacodemone.,a %o sembrava di aver visto un cacodemone.,%o ha creído ver un Cacodemonio.
%o thought %g saw a chaingunner.,OB_STEALTHCHAINGUY,,a %o sembrava di aver visto uno zombie commando.,a %o sembrava di aver visto uno zombie commando.,%o ha creído ver un Ametrallador.
%o thought %g saw a demon.,OB_STEALTHDEMON,,a %o sembrava di aver visto un demone.,a %o sembrava di aver visto un demone.,%o ha creído ver un Demonio.
%o thought %g saw a Hell Knight.,OB_STEALTHKNIGHT,,a %o sembrava di aver visto un Cavaliere Infernale.,a %o sembrava di aver visto un Cavaliere Infernale.,%o ha creído ver un Caballero del Infierno.
%o thought %g saw an imp.,OB_STEALTHIMP,,a %o sembrava di aver visto un imp.,a %o sembrava di aver visto un imp.,%o ha creído ver un Imp.
%o thought %g saw a mancubus.,OB_STEALTHFATSO,,a %o sembrava di aver visto un mancubus.,a %o sembrava di aver visto un mancubus.,%o ha creído ver un Mancubus.
%o thought %g saw a revenant.,OB_STEALTHUNDEAD,,a %o sembrava di aver visto un revenant.,a %o sembrava di aver visto un revenant.,%o ha creído ver un Revenant.
%o thought %g saw a sergeant.,OB_STEALTHSHOTGUNGUY,,a %o sembrava di aver visto un zombie sergente.,a %o sembrava di aver visto un zombie sergente.,%o ha creído ver un Sargento.
%o thought %g saw a zombieman.,OB_STEALTHZOMBIE,,a %o sembrava di aver visto uno zombie marine.,a %o sembrava di aver visto uno zombie marine.,%o ha creído ver un Zombi.
%o was punched by a revenant.,OB_UNDEADHIT,,%o è stato colpito dal pugno di un revenant.,%o è stato colpito dal pugno di un revenant.,A %o l@[ao_esp] ha golpeado un Revenant.
%o was slashed by an imp.,OB_IMPHIT,,%o è stato squarciato da un imp.,%o è stato squarciato da un imp.,A %o l@[ao_esp] ha desgarrado un Imp.
%o got too close to a cacodemon.,OB_CACOHIT,,%o si è avvicinato troppo a un cacodemone.,%o si è avvicinato troppo a un cacodemone.,%o se ha acercado demasiado a un Cacodemonio.
%o was bit by a demon.,OB_DEMONHIT,,%o è stato sbranato da un demone.,%o è stato sbranato da un demone.,A %o l@[ao_esp] ha mordido un Demonio.
%o was eaten by a spectre.,OB_SPECTREHIT,,%o è stato divorato da uno spettro.,%o è stato divorato da uno spettro.,A %o l@[ao_esp] ha devorado un Espectro.
%o was ripped open by a Baron of Hell.,OB_BARONHIT,,%o è stato scoperchiato da un Barone dell'Inferno.,%o è stato scoperchiato da un Barone dell'Inferno.,A %o l@[ao_esp] ha hecho trizas un Barón del Infierno.
%o was gutted by a Hell Knight.,OB_KNIGHTHIT,,%o è stato sbudellato da un Cavaliere dell'Inferno.,%o è stato sbudellato da un Cavaliere dell'Inferno.,A %o l@[ao_esp] ha destripado un Caballero del Infierno.
%o was killed by a zombieman.,OB_ZOMBIE,,%o è stato ucciso da uno zombie marine.,%o è stato ucciso da uno zombie marine.,A %o se l@[ao_esp] ha cargado un Zombi.
%o was shot by a sergeant.,OB_SHOTGUY,,%o è sato impallinato da uno zombie sergente.,%o è sato impallinato da uno zombie sergente.,A %o l@[ao_esp] ha fusilado un Sargento.
%o was incinerated by an archvile.,OB_VILE,,%o è stato incenerito da un arch-vile.,%o è stato incenerito da un arch-vile.,A %o l@[ao_esp] ha incinerado un Arch-Vile.
%o couldn't evade a revenant's fireball.,OB_UNDEAD,,%o non ha potuto evitare il missile di un revenant.,%o non ha potuto evitare il missile di un revenant.,A %o l@[ao_esp] ha hecho reventar un Revenant.
%o was squashed by a mancubus.,OB_FATSO,,%o è stato disintegrato da un mancubus.,%o è stato disintegrato da un mancubus.,A %o l@[ao_esp] ha pulverizado un Mancubus.
%o was perforated by a chaingunner.,OB_CHAINGUY,,%o è stato perforato da uno zombie commando.,%o è stato perforato da uno zombie commando.,A %o l@[ao_esp] ha perforado un Ametrallador.
%o was spooked by a lost soul.,OB_SKULL,,%o è stato spaventato a morte da un'Anima Errante.,%o è stato spaventato a morte da un'Anima Errante.,%o se ha muerto de miedo con un Alma Errante.
%o was burned by an imp.,OB_IMP,,%o è stato bruciato da un imp.,%o è stato bruciato da un imp.,A %o l@[ao_esp] ha calcinado un Imp.
%o was smitten by a cacodemon.,OB_CACO,,%o è stato abbattuto da un cacodemone.,%o è stato abbattuto da un cacodemone.,A %o l@[ao_esp] ha cascado un Cacodemonio.
%o was bruised by a Baron of Hell.,OB_BARON,,%o è stato scorticato da un Barone Infernale.,%o è stato scorticato da un Barone Infernale.,A %o l@[ao_esp] ha magullado un Barón del Infierno.
%o was splayed by a Hell Knight.,OB_KNIGHT,,%o è stato squartato da un Cavaliere Infernale.,%o è stato squartato da un Cavaliere Infernale.,A %o l@[ao_esp] ha partido en dos un Caballero del Infierno.
%o stood in awe of the spider demon.,OB_SPIDER,,%o è stato soggiogato dal Ragno demoniaco.,%o è stato soggiogato dal Ragno demoniaco.,%o se ha arrodillado ante la Mente-Maestra Arácnida.
%o let an arachnotron get %h.,OB_BABY,,%o ha permesso che un arachnotron l'uccidesse.,%o ha permesso che un arachnotron l'uccidesse.,A %o l@[ao_esp] ha alcanzado un Aracnotrón.
%o was splattered by a cyberdemon.,OB_CYBORG,,%o è stato spiaccicato da un Cyberdemone.,%o è stato spiaccicato da un Cyberdemone.,A %o l@[ao_esp] ha hecho pedazos un Ciberdemonio.
%o met a Nazi.,OB_WOLFSS,,%o ha incontrato un Nazista.,%o ha incontrato un Nazista.,%o se ha topado con un Nazi.
%o was mauled by a dog.,OB_DOG,,%o è stato sbranato da un cane.,%o è stato sbranato da un cane.,A %o l@[ao_esp] ha despedazado un Perro.
%o chewed on %k's fist.,OB_MPFIST,,%o si è schiantato contro il pugno di %k.,%o si è schiantato contro il pugno di %k.,%o se ha comido el puño de %k.
%o was mowed over by %k's chainsaw.,OB_MPCHAINSAW,,%o è stato falciato dalla motosega di %k.,%o è stato falciato dalla motosega di %k.,Ha habido matanza de %o con la motosierra de %k.
%o was tickled by %k's pea shooter.,OB_MPPISTOL,,%o è stato sforacchiato dalla pistola di %k'.,%o è stato sforacchiato dalla pistola di %k'.,A %o le ha hecho cosquillas la pistola de %k.
%o chewed on %k's boomstick.,OB_MPSHOTGUN,,%o si è trovato davanti il fucile di %k.,%o si è trovato davanti il fucile di %k.,A %o l@[ao_esp] ha agujereado la escopeta de %k.
%o was splattered by %k's super shotgun.,OB_MPSSHOTGUN,,%o è stato smembrato dalla doppietta di %k.,%o è stato smembrato dalla doppietta di %k.,A %o l@[ao_esp] reventado la superescopeta de %k.
%o was mowed down by %k's chaingun.,OB_MPCHAINGUN,,%o è stato falciato dal mitragliatore di %k.,%o è stato falciato dal mitragliatore di %k.,A %o l@[ao_esp] ha dejado hecho colador la ametralladora de %k.
%o rode %k's rocket.,OB_MPROCKET,,%o ha cavalcato il razzo di %k.,%o ha cavalcato il razzo di %k.,%o ha montado el misil de %k.
%o almost dodged %k's rocket.,OB_MPR_SPLASH,,%o aveva quasi schivato il razzo di %k.,%o aveva quasi schivato il razzo di %k.,%o casi esquiva el misil de %k.
%o was melted by %k's plasma gun.,OB_MPPLASMARIFLE,,%o è stato fuso dal fucile al plasma di %k.,%o è stato fuso dal fucile al plasma di %k.,A %o l@[ao_esp] ha derretido el fusil de plasma de %k.
%o was splintered by %k's BFG.,OB_MPBFG_BOOM,,%o è stato sminuzzato dal BFG di %k.,%o è stato sminuzzato dal BFG di %k.,A %o l@[ao_esp] ha astillado la BFG de %k.
%o couldn't hide from %k's BFG.,OB_MPBFG_SPLASH,,%o non poteva nascondersi dal BFG di %k.,%o non poteva nascondersi dal BFG di %k.,%o no ha conseguido esconderse de la BFG de %k.
%o was railed by %k.,OB_RAILGUN,,%o è stato bucherellato dal railgun di %k.,%o è stato bucherellato dal railgun di %k.,A %o l@[ao_esp] ha agujereado el cañón de riel de %k.
%o was burned by %k's BFG.,OB_MPBFG_MBF,,%o è stato bruciato dal BFG di %k.,%o è stato bruciato dal BFG di %k.,A %o l@[ao_esp] ha calcinado la BFG de %k.
,,,,,
,,,,,
Blue Key,TXT_GOTBLUEKEY,,Chiave blu,Chiave blu,Llave Azul
Yellow Key,TXT_GOTYELLOWKEY,,Chiave gialla,Chiave gialla,Llave Amarilla
Green Key,TXT_GOTGREENKEY,,Chiave verde,Chiave verde,Llave Verde
Quartz Flask,TXT_ARTIHEALTH,,Ampolla di quarzo,Ampolla di quarzo,Frasco de Cuarzo
Wings of Wrath,TXT_ARTIFLY,,Ali iraconde,Ali iraconde,Alas de Ira
Ring of Invincibility,TXT_ARTIINVULNERABILITY,,Anello dell'invincibilità,Anello dell'invincibilità,Anillo de Invencibilidad
Tome of Power,TXT_ARTITOMEOFPOWER,,Tomo del potere,Tomo del potere,Tomo de Poder
Shadowsphere,TXT_ARTIINVISIBILITY,,Sfera dell'ombra,Sfera dell'ombra,Esfera de Sombra
Morph Ovum,TXT_ARTIEGG,,Uovo della metamorfosi,Uovo della metamorfosi,Huevo de Transformación
Mystic Urn,TXT_ARTISUPERHEALTH,,Urna mistica,Urna mistica,Urna Mística
Torch,TXT_ARTITORCH,,Torcia,Torcia,Antorcha
Time Bomb of the Ancients,TXT_ARTIFIREBOMB,,Bomba a tempo degli antichi,Bomba a tempo degli antichi,Bomba de tiempo de los Ancestros
Chaos Device,TXT_ARTITELEPORT,,"Dispositivo del Caos
","Dispositivo del Caos
",Dispositivo del Caos
Crystal Vial,TXT_ITEMHEALTH,,Fiala di cristallo,Fiala di cristallo,Tubo de Cristal
Bag of Holding,TXT_ITEMBAGOFHOLDING,,Borsa Portaoggetti,Borsa Portaoggetti,Bolso sin Fondo
Silver Shield,TXT_ITEMSHIELD1,,Scudo d'argento,Scudo d'argento,Escudo Plateado
Enchanted Shield,TXT_ITEMSHIELD2,,Scudo incantato,Scudo incantato,Escudo Encantado
Map Scroll,TXT_ITEMSUPERMAP,,Pergamena della Mappa,Pergamena della Mappa,Mapa en Pergamino
Wand Crystal,TXT_AMMOGOLDWAND1,,Bacchetta di cristallo,Bacchetta di cristallo,Cristal para Vara
Crystal Geode,TXT_AMMOGOLDWAND2,,Geode di cristallo,Geode di cristallo,Geoda de Cristal
Mace Spheres,TXT_AMMOMACE1,,Sfere per la mazza,Sfere per la mazza,Esferas de Maza
Pile of Mace Spheres,TXT_AMMOMACE2,,Pila di sfere per la mazza,Pila di sfere per la mazza,Pila de Esferas de Maza
Ethereal Arrows,TXT_AMMOCROSSBOW1,,Frecce eteree,Frecce eteree,Flechas Etéreas
Quiver of Ethereal Arrows,TXT_AMMOCROSSBOW2,,Faretra di frecce eteree,Faretra di frecce eteree,Carcaj de Flechas Etéreas
Claw Orb,TXT_AMMOBLASTER1,,Sfera d'artiglio,Sfera d'artiglio,Orbe de Garra
Energy Orb,TXT_AMMOBLASTER2,,Sfera di energia,Sfera di energia,Orbe de Energía
Lesser Runes,TXT_AMMOSKULLROD1,,Rune inferiori,Rune inferiori,Runas Menores
Greater Runes,TXT_AMMOSKULLROD2,,Rune superiori,Rune superiori,Runas Mayores
Flame Orb,TXT_AMMOPHOENIXROD1,,Sfera di fuoco,Sfera di fuoco,Orbe de Flama
Inferno Orb,TXT_AMMOPHOENIXROD2,,Sfera infernale,Sfera infernale,Orbe de Averno
Gold Wand,TXT_WPNGOLDWAND,,Bacchetta d'oro,Bacchetta d'oro,Vara Dorada
Firemace,TXT_WPNMACE,,"Mazza di fuoco
","Mazza di fuoco
",Maza de Fuego
Ethereal Crossbow,TXT_WPNCROSSBOW,,Balestra eterea,Balestra eterea,Ballesta Etérea
Dragon Claw,TXT_WPNBLASTER,,Artiglio del drago,Artiglio del drago,Garra de Dragón
Hellstaff,TXT_WPNSKULLROD,,Staffa infernale,Staffa infernale,Bastón Infernal
Phoenix Rod,TXT_WPNPHOENIXROD,,Asta della fenice,Asta della fenice,Báculo del Fénix
Gauntlets of the Necromancer,TXT_WPNGAUNTLETS,,Guanti del Negromante,Guanti del Negromante,Guanteletes del Nigromante
,,,,,
You need a blue key to open this door,TXT_NEEDBLUEKEY,,"Ti serve una chiave blu per aprire questa porta
","Ti serve una chiave blu per aprire questa porta
",Necesitas una llave azul para abrir esta puerta
You need a green key to open this door,TXT_NEEDGREENKEY,,"Ti serve una chiave verde per aprire questa porta
","Ti serve una chiave verde per aprire questa porta
",Necesitas una llave verde para abrir esta puerta
You need a yellow key to open this door,TXT_NEEDYELLOWKEY,,Ti serve una chiave gialla per aprire questa porta,Ti serve una chiave gialla per aprire questa porta,Necesitas una llave amarilla para abrir esta puerta
,,,,,
Chicken,FN_CHICKEN,,Pollo,Pollo,Pollo
Weredragon,FN_BEAST,,Drago Mannaro,Drago Mannaro,Hombre dragón
Sabreclaw,FN_CLINK,,Lamartiglio,Lamartiglio,Garras de sable
D'Sparil,FN_DSPARIL,,,,
Gargoyle,FN_HERETICIMP,,,,Gárgola
Ironlich,FN_IRONLICH,,Lich di Ferro,Lich di Ferro,Liche de hierro
Undead Warrior,FN_BONEKNIGHT,,Guerriero Non Morto,Guerriero Non Morto,Guerrero no muerto
Maulotaur,FN_MINOTAUR,,Maulotauro,Maulotauro,Mazotauro
Golem,FN_MUMMY,,,,Gólem
Nitrogolem,FN_MUMMYLEADER,,,,Gólem de ázoe
Ophidian,FN_SNAKE,,,,Ofidio
Wizard,FN_WIZARD,,Mago,Mago,Mago
Wand Crystals,AMMO_GOLDWAND,,Cristalli per la bacchetta,Cristalli per la bacchetta,Cristales para vara
Ethereal Arrows,AMMO_CROSSBOW,,Frecce eteree,Frecce eteree,Flechas etéreas
Claw Orbs,AMMO_BLASTER,,Sfere di artigli,Sfere di artigli,Orbes de garra
Mace Spheres,AMMO_MACE,,Sfere per la mazza,Sfere per la mazza,Esferas de maza
Hellstaff Runes,AMMO_SKULLROD,,Rune infernali,Rune infernali,Runas de Vara Infernal
Flame Orbs,AMMO_PHOENIXROD,,Sfere di fuoco,Sfere di fuoco,Orbes de llama
Staff,TAG_STAFF,,Staffa,Staffa,Bastón
Elven Wand,TAG_GOLDWAND,,Scettro Elfico,Scettro Elfico,Vara de Elfo
,,,,,
%o was pecked to death.,OB_CHICKEN,,%o è stato beccato a morte.,%o è stato beccato a morte.,A %o l@[ao_esp] han picoteado a muerte.
%o was charred by a weredragon.,OB_BEAST,,%o è stato carbonizzato da una bestia.,%o è stato carbonizzato da una bestia.,A %o l@[ao_esp] ha carbonizado un hombre dragón.
%o was slashed by a sabreclaw.,OB_CLINK,,%o è stato squarciato da un lapillo.,%o è stato squarciato da un lapillo.,A %o l@[ao_esp] ha cortado un garras de sable.
%o was scalded by D'Sparil's serpent.,OB_DSPARIL1,,%o è stato bruciato dal serpente di D'Sparil.,%o è stato bruciato dal serpente di D'Sparil.,A %o l@[ao_esp] ha carbonizado la serpiente de D'Sparil.
%o was chewed up by D'Sparil's serpent.,OB_DSPARIL1HIT,,%o è stato masticato dal serpente di D'Sparil.,%o è stato masticato dal serpente di D'Sparil.,A %o l@[ao_esp] ha engullido la serpiente de D'Sparil.
%o was no match for D'Sparil.,OB_DSPARIL2,,%o non era all'altezza di D'Sparil.,%o non era all'altezza di D'Sparil.,%o no era rival para D'Sparil.
%o was smacked down by D'Sparil.,OB_DSPARIL2HIT,,%o è stato abbattuto da D'Sparil.,%o è stato abbattuto da D'Sparil.,A %o l@[ao_esp] ha humillado D'Sparil.
%o was scarred by a gargoyle.,OB_HERETICIMP,,%o è stato terrorizzato da un imp.,%o è stato terrorizzato da un imp.,"A %o l@[ao_esp] ha marcado, y no de cicatrices, una gárgola."
%o was hacked by a gargoyle.,OB_HERETICIMPHIT,,%o è stato eliminato da un imp.,%o è stato eliminato da un imp.,A %o l@[ao_esp] ha arañado una gárgola.
%o was devastated by an ironlich.,OB_IRONLICH,,%o è stato devastato da un ironlich.,%o è stato devastato da un ironlich.,A %o l@[ao_esp] ha devastado un liche de hierro.
%o got up-close and personal with an ironlich.,OB_IRONLICHHIT,,%o è andato troppo vicino a un ironlich.,%o è andato troppo vicino a un ironlich.,%o ha tenido un encuentro cercano y personal con un liche de hierro.
%o was axed by an undead warrior.,OB_BONEKNIGHT,,%o è stato accettato da un guerriero non morto .,%o è stato accettato da un guerriero non morto .,%o ha recibido un hachazo de un guerrero no muerto.
%o was slain by an undead warrior.,OB_BONEKNIGHTHIT,,%o è stato ucciso da un guerriero non morto.,%o è stato ucciso da un guerriero non morto.,A %o l@[ao_esp] ha descuartizado un guerrero no muerto.
%o was blasted into cinders by a Maulotaur.,OB_MINOTAUR,,%o è stato incenerito da un Maulotauro.,%o è stato incenerito da un Maulotauro.,A %o l@[ao_esp] ha volado en cenizas un Mazotauro.
%o was pulped by a Maulotaur.,OB_MINOTAURHIT,,%o è stato ridotto in poltiglia da un Maulotauro.,%o è stato ridotto in poltiglia da un Maulotauro.,A %o l@[ao_esp] ha hecho puré un Mazotauro.
%o was smashed by a golem.,OB_MUMMY,,%o è stato schiacciato da un golem.,%o è stato schiacciato da un golem.,A %o l@[ao_esp] ha aplastado un gólem.
%o was shrieked to death by a nitrogolem.,OB_MUMMYLEADER,,%o è stato stroncato da un golem.,%o è stato stroncato da un golem.,A %o le ha chillado a muerte un gólem de ázoe.
%o was rattled by an ophidian.,OB_SNAKE,,%o è stato stritolato da un serpente.,%o è stato stritolato da un serpente.,A %o l@[ao_esp] ha agitado un ofidio.
%o was cursed by a wizard.,OB_WIZARD,,%o è stato maledetto da un mago.,%o è stato maledetto da un mago.,A %o l@[ao_esp] ha maldecido un mago.
%o was palpated by a wizard.,OB_WIZARDHIT,,%o è stato toccato da un mago.,%o è stato toccato da un mago.,A %o l@[ao_esp] ha tocado un mago.
%o got staffed by %k.,OB_MPSTAFF,,%o è stato preso a colpi di staffa da %k.,%o è stato preso a colpi di staffa da %k.,A %o l@[ao_esp] ha apaleado %k.
%o got a shock from %k's gauntlets.,OB_MPGAUNTLETS,,%o è stato folgorato dai guanti di %k.,%o è stato folgorato dai guanti di %k.,%o ha recibido un choque de los guanteletes de %k.
%o waved goodbye to %k's elven wand.,OB_MPGOLDWAND,,%o ha fatto ciao ciao allo scettro elfico di %k.,%o ha fatto ciao ciao allo scettro elfico di %k.,%o se ha despedido de la vara de elfo de %k.
%o was pegged by %k's ethereal crossbow.,OB_MPCROSSBOW,,%o è stato inchiodato dalla balestra eterea di %k.,%o è stato inchiodato dalla balestra eterea di %k.,A %o l@[ao_esp] ha flechado la ballesta etérea de %k.
%o was blasted a new one by %k's dragon claw.,OB_MPBLASTER,,A %o èstato aperto un buco nuovo dall'Artiglio di Drago di %k.,A %o èstato aperto un buco nuovo dall'Artiglio di Drago di %k.,%o ha quedado bien jodid@[ao_esp] por la garra de dragón de %k.
%o got sent down under by %k's hellstaff.,OB_MPSKULLROD,,%o è stato mandato sottoterra dalla Staffa Infernale di %k.,%o è stato mandato sottoterra dalla Staffa Infernale di %k.,%o se ha inclinado ante el bastón infernal de %k.
%o was scorched to cinders by %k's phoenix rod.,OB_MPPHOENIXROD,,%o è stato ridotto in cenere dal Bastone della Fenice di %k.,%o è stato ridotto in cenere dal Bastone della Fenice di %k.,A %o l@[ao_esp] ha pulverizado el báculo del Fénix de %k.
%o was bounced by %k's firemace.,OB_MPMACE,,%o è stato spazzato via dalla Mazza del Fuoco di %k.,%o è stato spazzato via dalla Mazza del Fuoco di %k.,%o ha rebotado en la maza de fuego de %k.
%o got clapped by %k's charged staff.,OB_MPPSTAFF,,%o è scoppiato a causa della staffa incantata di %k.,%o è scoppiato a causa della staffa incantata di %k.,A %o l@[ao_esp] ha apaleado el bastón cargado de %k .
%o was bled dry by %k's gauntlets.,OB_MPPGAUNTLETS,,Il sangue di %o è stato prosciugato dai guanti di %k.,Il sangue di %o è stato prosciugato dai guanti di %k.,A %o l@[ao_esp] han dejado exangüe los guanteletes de %k.
%o was assaulted by %k's elven wand.,OB_MPPGOLDWAND,,%o è stato assalito dallo Scettro Elfico di %k.,%o è stato assalito dallo Scettro Elfico di %k.,%o ha sido asaltad@[ao_esp] por la vara de elfo de %k.
%o was shafted by %k's ethereal crossbow.,OB_MPPCROSSBOW,,%o è stato impalato dalla balestra eterea di %k.,%o è stato impalato dalla balestra eterea di %k.,%o ha sido encañonad@[ao_esp] por la ballesta etérea de %k.
%o was ripped apart by %k's dragon claw.,OB_MPPBLASTER,,%è stato fatto a brandelli dall'Artiglio di Drago di %k.,%è stato fatto a brandelli dall'Artiglio di Drago di %k.,A %o l@[ao_esp] ha desgarrado la garra de dragón de %k.
%k poured the hellstaff on %o.,OB_MPPSKULLROD,,%k ha fatto sgorgare la sua Staffa Infernale su %o.,%k ha fatto sgorgare la sua Staffa Infernale su %o.,%k ha vertido su bastón infernal en %o.
%o was burned down by %k's phoenix staff.,OB_MPPPHOENIXROD,,%o è stato incendiato dal Bastone della Fenice di %k.,%o è stato incendiato dal Bastone della Fenice di %k.,A %o l@[ao_esp] ha calcinado el báculo del Fénix de %k.
%o was squished by %k's giant mace sphere.,OB_MPPMACE,,%o è stato spiaccicato da una sfera gigante della Mazza del Fuoco di %k.,%o è stato spiaccicato da una sfera gigante della Mazza del Fuoco di %k.,A %o l@[ao_esp] ha aplastado una esfera gigante de la maza de %k.
,,,,,
,,,,,
Blue Mana,TXT_MANA_1,,Mana blu,Mana blu,Maná Azul
Green Mana,TXT_MANA_2,,Mana verde,Mana verde,Maná Verde
Combined Mana,TXT_MANA_BOTH,,Mana misto,Mana misto,Maná Combinado
Steel Key,TXT_KEY_STEEL,,Chiave d'acciaio,Chiave d'acciaio,Llave de Acero
Cave Key,TXT_KEY_CAVE,,Chiave della caverna,Chiave della caverna,Llave de la Caverna
Axe Key,TXT_KEY_AXE,,Chiave dell'ascia,Chiave dell'ascia,Llave de Hacha
Fire Key,TXT_KEY_FIRE,,Chiave del fuoco,Chiave del fuoco,Llave de Fuego
Emerald Key,TXT_KEY_EMERALD,,Chiave di smeraldo,Chiave di smeraldo,Llave Esmeralda
Dungeon Key,TXT_KEY_DUNGEON,,Chiave del sotterraneo,Chiave del sotterraneo,Llave del Calabozo
Silver Key,TXT_KEY_SILVER,,Chiave d'argento,Chiave d'argento,Llave de Plata
Rusted Key,TXT_KEY_RUSTED,,Chiave arrugginita,Chiave arrugginita,Llave Oxidada
Horn Key,TXT_KEY_HORN,,Chiave del corno,Chiave del corno,Llave de Cuerno
Swamp Key,TXT_KEY_SWAMP,,Chiave della palude,Chiave della palude,Llave del Pantano
Castle Key,TXT_KEY_CASTLE,,Chiave del castello,Chiave del castello,Llave del Castillo
Icon of the Defender,TXT_ARTIINVULNERABILITY2,,Icona del difensore,Icona del difensore,Icono del Defensor
Dark Servant,TXT_ARTISUMMON,,Servitore oscuro,Servitore oscuro,Sirviente Oscuro
Porkalator,TXT_ARTIEGG2,,Porchificatore,Porchificatore,Porcinador
Flechette,TXT_ARTIPOISONBAG,,Fiaschetta,Fiaschetta,
Banishment Device,TXT_ARTITELEPORTOTHER,,Artifatto dell'esilio,Artifatto dell'esilio,Dispositivo de Desvanecimiento
Boots of Speed,TXT_ARTISPEED,,Stivali della velocità,Stivali della velocità,Botas de Velocidad
Krater of Might,TXT_ARTIBOOSTMANA,,Calice della forza,Calice della forza,Vasija de Fuerza
Dragonskin Bracers,TXT_ARTIBOOSTARMOR,,Bracciali in pelle di drago,Bracciali in pelle di drago,Brazaletes de piel de Dragón
Disc of Repulsion,TXT_ARTIBLASTRADIUS,,Disco della repulsione,Disco della repulsione,Disco de Repulsión
Mystic Ambit Incant,TXT_ARTIHEALINGRADIUS,,Confine mistico,Confine mistico,Encanto de Ámbito Místico
Yorick's Skull,TXT_ARTIPUZZSKULL,,Teschio di Yorick,Teschio di Yorick,Calavera de Yorick
Heart of D'sparil,TXT_ARTIPUZZGEMBIG,,Cuore di d'sparil,Cuore di d'sparil,Corazón de D'Sparil
Ruby Planet,TXT_ARTIPUZZGEMRED,,Pianeta di rubino,Pianeta di rubino,Planeta Rubí
Emerald Planet,TXT_ARTIPUZZGEMGREEN1,,Pianeta di smeraldo,Pianeta di smeraldo,Planeta Esmeralda
Emerald Planet,TXT_ARTIPUZZGEMGREEN2,,Pianeta di smeraldo,Pianeta di smeraldo,Planeta Esmeralda
Sapphire Planet,TXT_ARTIPUZZGEMBLUE1,,Pianeta di zaffiro,Pianeta di zaffiro,Planeta Zafiro
Sapphire Planet,TXT_ARTIPUZZGEMBLUE2,,Pianeta di zaffiro,Pianeta di zaffiro,Planeta Zafiro
Daemon Codex,TXT_ARTIPUZZBOOK1,,Codice Demoniaco,Codice Demoniaco,Códice del Demonio
Liber Oscura,TXT_ARTIPUZZBOOK2,,,,
Flame Mask,TXT_ARTIPUZZSKULL2,,Maschera delle fiamme,Maschera delle fiamme,Máscara de llamas
Glaive Seal,TXT_ARTIPUZZFWEAPON,,Sigillo della brando,Sigillo della brando,Sello de Espada
Holy Relic,TXT_ARTIPUZZCWEAPON,,Reliquia sacra,Reliquia sacra,Santa Reliquia
Sigil of the Magus,TXT_ARTIPUZZMWEAPON,,Suggello del magus,Suggello del magus,Emblema del Mago
Clock Gear,TXT_ARTIPUZZGEAR,,Ingranaggio d'orologio,Ingranaggio d'orologio,Engranaje de reloj
You Cannot Use This Here,TXT_USEPUZZLEFAILED,,Non puoi usare questo oggetto qui,Non puoi usare questo oggetto qui,No puedes usar esto aquí
Mesh Armor,TXT_ARMOR1,,Maglia metallica,Maglia metallica,Armadura de Malla
Falcon Shield,TXT_ARMOR2,,Scudo del falco,Scudo del falco,Escudo de Halcón
Platinum Helmet,TXT_ARMOR3,,Elmo di platino,Elmo di platino,Casco de Platino
Amulet of Warding,TXT_ARMOR4,,Amuleto di protezione,Amuleto di protezione,Amuleto de Guarda
Timon's Axe,TXT_WEAPON_F2,,Ascia di timon,Ascia di timon,Hacha de Timón
Hammer of Retribution,TXT_WEAPON_F3,,Martello del castigo,Martello del castigo,Martillo de Retribución
Quietus Assembled,TXT_WEAPON_F4,,Quietus assemblato,Quietus assemblato,Quietus Ensamblado
Serpent Staff,TXT_WEAPON_C2,,Bastone del serpente,Bastone del serpente,Vara de Serpiente
Firestorm,TXT_WEAPON_C3,,Tempesta di fuoco,Tempesta di fuoco,Tormenta de Fuego
Wraithverge Assembled,TXT_WEAPON_C4,,Verga Sconfinaspettri assemblata,Verga Sconfinaspettri assemblata,Báculo Fantasmal Ensamblado
Frost Shards,TXT_WEAPON_M2,,Frantumi gelati,Frantumi gelati,Fragmentos de Escarcha
Arc of Death,TXT_WEAPON_M3,,Arco della morte,Arco della morte,Arcos de la Muerte
Bloodscourge Assembled,TXT_WEAPON_M4,,Flagello di Sangue assemblato,Flagello di Sangue assemblato,Plaga Sangrienta ensamblada
A weapon piece! This is your lucky day!,TXT_WEAPONPIECE,,Il frammento di un'arma! È il tuo giorno fortunato!,Il frammento di un'arma! È il tuo giorno fortunato!,¡Una pieza de un arma! ¡Es tu día de suerte!
Segment of Quietus,TXT_QUIETUS_PIECE,,Parte del Quietus,Parte del Quietus,Segmento de Quietus
Segment of Wraithverge,TXT_WRAITHVERGE_PIECE,,Parte della Verga Sconfinaspettri,Parte della Verga Sconfinaspettri,Segmento del Báculo Fantasmal
Segment of Bloodscourge,TXT_BLOODSCOURGE_PIECE,,Parte del Flagello di Sangue,Parte del Flagello di Sangue,Segmento de la Plaga Sangrienta
,,,,,
You need the Steel Key,TXT_NEED_KEY_STEEL,,Ti serve la Chiave d'Acciaio,Ti serve la Chiave d'Acciaio,Necesitas la Llave de Acero
You need the Cave Key,TXT_NEED_KEY_CAVE,,Ti serve la Chiave della Caverna,Ti serve la Chiave della Caverna,Necesitas la Llave de la Caverna
You need the Axe Key,TXT_NEED_KEY_AXE,,Ti serve la Chiave dell'Ascia,Ti serve la Chiave dell'Ascia,Necesitas la Llave de Hacha
You need the Fire Key,TXT_NEED_KEY_FIRE,,Ti serve la Chiave del Fuoco,Ti serve la Chiave del Fuoco,Necesitas la Llave de Fuego
You need the Emerald Key,TXT_NEED_KEY_EMERALD,,Ti serve la Chiave di Smeraldo,Ti serve la Chiave di Smeraldo,Necesitas la Llave Esmeralda
You need the Dungeon Key,TXT_NEED_KEY_DUNGEON,,Ti serve la Chiave del Sotterraneo,Ti serve la Chiave del Sotterraneo,Necesitas la Llave del Calabozo
You need the Silver Key,TXT_NEED_KEY_SILVER,,Ti serve la Chiave d'Argento,Ti serve la Chiave d'Argento,Necesitas la Llave de Plata
You need the Rusted Key,TXT_NEED_KEY_RUSTED,,Ti serve la Chiave Arrugginita,Ti serve la Chiave Arrugginita,Necesitas la Llave Oxidada
You need the Horn Key,TXT_NEED_KEY_HORN,,Ti serve la Chiave del Corno,Ti serve la Chiave del Corno,Necesitas la Llave de Cuerno
You need the Swamp Key,TXT_NEED_KEY_SWAMP,,Ti serve la Chiave della Palude,Ti serve la Chiave della Palude,Necesitas la Llave del Pantano
You need the Castle Key,TXT_NEED_KEY_CASTLE,,Ti serve la Chiave del Castello,Ti serve la Chiave del Castello,Necesitas la Llave del Castillo
,,,,,
Afrit,FN_FIREDEMON,,,,
Serpent,FN_DEMON1,,Serpente del Caos,Serpente del Caos,Serpiente
Ettin,FN_ETTIN,,,,
Centaur,FN_CENTAUR,,Centauro,Centauro,Centauro
Slaughtaur,FN_SLAUGHTAUR,,Sventrauro,Sventrauro,Masacratauro
Bishop,FN_BISHOP,,Vescovo,Vescovo,Obispo
Wendigo,FN_ICEGUY,,,,
Stalker,FN_SERPENT,,Cacciatore,Cacciatore,Acechador
Reiver,FN_WRAITH,,Incursore,Incursore,Saqueador
Death Wyvern,FN_DRAGON,,Viverna Mortale,Viverna Mortale,Guiverno de la muerte
Korax,FN_KORAX,,,,
Zedek,FN_FBOSS,,,,
Menelkir,FN_MBOSS,,,,
Traductus,FN_CBOSS,,,,
Heresiarch,FN_HERESIARCH,,Eresiarca,Eresiarca,Heresiarca
Blue Mana,AMMO_MANA1,,Mana blu,Mana blu,Maná azul
Green Mana,AMMO_MANA2,,Mana verde,Mana verde,Maná verde
Mace of Contrition,TAG_CWEAPMACE,,Mazza del Pentimento,Mazza del Pentimento,Maza de Contrición
Serpent Staff,TAG_CWEAPSTAFF,,Staffa del Serpente,Staffa del Serpente,Bastón de Serpiente
Firestorm,TAG_CWEAPFLAME,,Tempesta di Fuoco,Tempesta di Fuoco,Tormenta de Fuego
Wraithverge,TAG_CWEAPWRAITHVERGE,,Verga SconfinaSpettri,Verga SconfinaSpettri,Báculo Fantasmal
Spiked Gauntlets,TAG_FWEAPFIST,,Guantoni Spinati,Guantoni Spinati,Guanteletes Puntiagudos
Timon's Axe,TAG_FWEAPAXE,,Ascia di Timon,Ascia di Timon,Hacha de Timón
Hammer of Retribution,TAG_FWEAPHAMMER,,Martello del Castigo,Martello del Castigo,Martillo de Retribución
Quietus,TAG_FWEAPQUIETUS,,,,
Sapphire Wand,TAG_MWEAPWAND,,Scettro di Zaffiro,Scettro di Zaffiro,Varita de Zafiro
Frost Shards,TAG_MWEAPFROST,,Schegge di Ghiaccio,Schegge di Ghiaccio,Fragmentos de Escarcha
Arcs of Death,TAG_MWEAPLIGHTNING,,Archi della Morte,Archi della Morte,Arcos de la Muerte
Bloodscourge,TAG_MWEAPBLOODSCOURGE,,Flagello di Sangue,Flagello di Sangue,Plaga Sangrienta
Disc of Repulsion,TAG_ARTIBLASTRADIUS,,Disco della Repulsione,Disco della Repulsione,Disco de Repulsión
Dragonskin Bracers,TAG_ARTIBOOSTARMOR,,Bracciali in Pelle di Drago,Bracciali in Pelle di Drago,Brazaletes de piel de Dragón
Krater of Might,TAG_ARTIBOOSTMANA,,Calice della Forza,Calice della Forza,Crátera de Poder
Flechette,TAG_ARTIPOISONBAG,,Fiaschetta,Fiaschetta,
Poison Cloud Flechette,TAG_ARTIPOISONBAG1,,Fiaschetta Velenosa,Fiaschetta Velenosa,Flechette de Nube Venenosa
Timebomb Flechette,TAG_ARTIPOISONBAG2,,Fiaschetta a Tempo,Fiaschetta a Tempo,Bomba de Tiempo Flechette
Grenade Flechette,TAG_ARTIPOISONBAG3,,Fiaschetta da Lancio,Fiaschetta da Lancio,Granada Flechette
Mystic Ambit Incant,TAG_ARTIHEALINGRADIUS,,Incantamento Mistico,Incantamento Mistico,Encantamiento de Ámbito Místico
Icon of the Defender,TAG_ARTIDEFENDER,,Emblema del Difensore,Emblema del Difensore,Icono del Defensor
Porkalator,TAG_ARTIPORK,,Porchificatore,Porchificatore,Porcinador
Boots of Speed,TAG_ARTISPEED,,Stivali della Fretta,Stivali della Fretta,Botas de Velocidad
Dark Servant,TAG_ARTISUMMON,,Servo Oscuro,Servo Oscuro,Servidor Oscuro
Banishment Device,TAG_ARTITELEPORTOTHER,,Congegno dell'Esilio,Congegno dell'Esilio,Dispositivo de Destierro
Yorick's Skull,TAG_ARTIPUZZSKULL,,Teschio di Yorick,Teschio di Yorick,Calavera de Yorick
Heart of D'Sparil,TAG_ARTIPUZZGEMBIG,,Cuore di D'Sparil,Cuore di D'Sparil,Corazón de D'Sparil
Ruby Planet,TAG_ARTIPUZZGEMRED,,Pianeta di Rubino,Pianeta di Rubino,Planeta Rubí
Emerald Planet (1),TAG_ARTIPUZZGEMGREEN1,,Pianeta di Smeraldo (1),Pianeta di Smeraldo (1),Planeta Esmeralda (1)
Emerald Planet (2),TAG_ARTIPUZZGEMGREEN2,,Pianeta di Smeraldo (2),Pianeta di Smeraldo (2),Planeta Esmeralda (2)
Sapphire Planet (1),TAG_ARTIPUZZGEMBLUE1,,Pianeta di Zaffiro (1),Pianeta di Zaffiro (1),Planeta Zafiro (1)
Sapphire Planet (2),TAG_ARTIPUZZGEMBLUE2,,Pianeta di Zaffiro (2),Pianeta di Zaffiro (2),Planeta Zafiro (2)
Daemon Codex,TAG_ARTIPUZZBOOK1,,Codice Demoniaco,Codice Demoniaco,Códice del Demonio
Liber Oscura,TAG_ARTIPUZZBOOK2,,,,Liber Oscura
Flame Mask,TAG_ARTIPUZZSKULL2,,Maschera delle Fiamme,Maschera delle Fiamme,Mascara de Llamas
Glaive Seal,TAG_ARTIPUZZFWEAPON,,Sigillo del Brando,Sigillo del Brando,Sello de Espada
Holy Relic,TAG_ARTIPUZZCWEAPON,,Reliquia Sacra,Reliquia Sacra,Santa Reliquia
Sigil of the Magus,TAG_ARTIPUZZMWEAPON,,Suggello del Magus,Suggello del Magus,Emblema del Mago
Iron gear,TAG_ARTIPUZZGEAR1,,Ingranaggio di Ferro,Ingranaggio di Ferro,Engranaje de Hierro
Brass gear,TAG_ARTIPUZZGEAR2,,Ingranaggio di Ottone,Ingranaggio di Ottone,Engranaje de Bronce
Brass and iron gear,TAG_ARTIPUZZGEAR3,,Ingranaggio di Ferro e Ottone,Ingranaggio di Ferro e Ottone,Engranaje de Bronce y Hierro
Silver and brass gear,TAG_ARTIPUZZGEAR4,,Ingranaggio di Ottone e Argento,Ingranaggio di Ottone e Argento,Engranaje de Plata y Bronce
,,,,,
%o tasted an Afrit's fire.,OB_FIREDEMON,,%o ha assaggiato il fuoco di un Afrit.,%o ha assaggiato il fuoco di un Afrit.,%o ha probado el fuego de un Afrit.
%o was scalded by a Serpent.,OB_DEMON1,,%o è stato sciolto da un Serpente del Caos,%o è stato sciolto da un Serpente del Caos,A %o l@[ao_esp] ha carbonizado una Serpiente.
%o was poisoned by a Serpent.,OB_DEMON2,,%o è stato avvelenato da un Serpente del Caos.,%o è stato avvelenato da un Serpente del Caos.,A %o l@[ao_esp] ha envenenado una Serpiente.
%o was mashed by an Ettin.,OB_ETTIN,,%o è stato schiacciato da un Ettin.,%o è stato schiacciato da un Ettin.,%o ha quedado hech@[ao_esp] puré por un Ettin.
%o was cut up by a Centaur.,OB_CENTAUR,,%o è stato affettato da un Centauro.,%o è stato affettato da un Centauro.,A %o l@[ao_esp] ha partido un Centauro.
%o was cut up by a Slaughtaur.,OB_SLAUGHTAURHIT,,%o è stato affettato da uno Sventrauro.,%o è stato affettato da uno Sventrauro.,A %o l@[ao_esp] ha partido un Masacratauro.
%o was struck down by a Slaughtaur's fireball.,OB_SLAUGHTAUR,,%o è stato abbattuto dalla palla di fuoco di uno Sventrauro.,%o è stato abbattuto dalla palla di fuoco di uno Sventrauro.,A %o l@[ao_esp] ha abatido la bola de fuego de un Masacratauro.
%o succumbed to a Bishop's dark power.,OB_BISHOP,,%o è stato sottomesso dalla magia oscura di un Vescovo.,%o è stato sottomesso dalla magia oscura di un Vescovo.,%o ha sucumbido ante el poder oscuro de un Obispo.
%o was frozen solid by a Wendigo.,OB_ICEGUY,,%o è stato congelato da un Wendigo.,%o è stato congelato da un Wendigo.,A %o l@[ao_esp] ha congelado un Wendigo.
%o was mauled by a Stalker.,OB_SERPENTHIT,,%o è stato malmenato da un Cacciatore.,%o è stato malmenato da un Cacciatore.,A %o l@[ao_esp] ha triturado un Acechador.
%o was melted by a Stalker.,OB_SERPENT,,%o è stato squagliato da un Cacciatore.,%o è stato squagliato da un Cacciatore.,A %o l@[ao_esp] ha derretido un Acechador.
%o was charred by a Reiver.,OB_WRAITH,,%o è stato carbonizzato da un Incursore.,%o è stato carbonizzato da un Incursore.,A %o l@[ao_esp] ha carbonizado un Saqueador.
%o had %p life stolen by a Reiver.,OB_WRAITHHIT,,%o ha permesso che un Incursore prosciugasse la sua vita,%o ha permesso che un Incursore prosciugasse la sua vita,A %o le ha robado la vida un Saqueador.
%o was incinerated by the Death Wyvern.,OB_DRAGON,,%o è stato incenerito da una Viverna Mortale.,%o è stato incenerito da una Viverna Mortale.,A %o l@[ao_esp] ha incinerado el Guiverno de la Muerte.
%o was swept from the board by Korax.,OB_KORAX,,%o è stato eliminato dalla scacchiera da Korax.,%o è stato eliminato dalla scacchiera da Korax.,%o ha sido barrid@[ao_esp] del tablero por Korax.
%o was slain by Zedek.,OB_FBOSS,,%o è stato ammazzato da Zedek.,%o è stato ammazzato da Zedek.,A %o l@[ao_esp] ha asesinado Zedek.
%o couldn't absorb Menelkir's Mana.,OB_MBOSS,,%o non è riuscito ad assorbire il mana di Menelkir.,%o non è riuscito ad assorbire il mana di Menelkir.,%o intenta absorber el maná de Menelkir y sale mal.
%o was baptized by Traductus.,OB_CBOSS,,%o è stato battezzato da Traductus.,%o è stato battezzato da Traductus.,A %o l@[ao_esp] ha bautizado Traductus.
%o had %p bones rolled by the Heresiarch.,OB_HERESIARCH,,Le ossa di %o sono state accartocciate dall'Eresiarca.,Le ossa di %o sono state accartocciate dall'Eresiarca.,A %o le ha arrollado los huesos el Heresiarca.
%o was beaten to a pulp by %k's bare fists.,OB_MPFWEAPFIST,,%k ha ridotto %o in poltiglia a mani nude.,%k ha ridotto %o in poltiglia a mani nude.,%o ha quedado molid@[ao_esp] por los puños limpios de %k.
%o got the axe from %k.,OB_MPFWEAPAXE,,%o ha preso un colpo d'ascia da %k.,%o ha preso un colpo d'ascia da %k.,%o ha recibido el hachazo de %k.
%o had %p head caved in by %k's hammer.,OB_MPFWEAPHAMMERM,,La testa di %o è stata aperta in due dal martello di %k.,La testa di %o è stata aperta in due dal martello di %k.,A %o le ha abollado la cabeza el martillo de %k.
%o's soul was forged anew by %k's hammer.,OB_MPFWEAPHAMMERR,,L'anima di %o è stata riforgiata dal martello di %k.,L'anima di %o è stata riforgiata dal martello di %k.,El alma de %o ha sido forjada de nuevo por el martillo de %k.
%o was silenced by %k's mighty Quietus.,OB_MPFWEAPQUIETUS,,%o è stato zittito dal potente Quietus di %k.,%o è stato zittito dal potente Quietus di %k.,A %o l@[ao_esp] ha silenciado el poderoso Quietus de %k.
%o got a mace to the face from %k.,OB_MPCWEAPMACE,,%o si è preso una mazzata in faccia da %k.,%o si è preso una mazzata in faccia da %k.,%o ha recibido un mazazo en la cara por %k.
%o was bitten by %k's serpent staff.,OB_MPCWEAPSTAFFM,,%o è stato morso dalla Staffa del Serpente di %k.,%o è stato morso dalla Staffa del Serpente di %k.,A %o l@[ao_esp] ha mordido el bastón de la serpiente de %k.
%o choked on %k's serpent staff.,OB_MPCWEAPSTAFFR,,%o è soffocato a causa della Staffa del Serpente di %k.,%o è soffocato a causa della Staffa del Serpente di %k.,%o se ha ahogado con el bastón de la serpiente de %k.
%o was lit up by %k's flames.,OB_MPCWEAPFLAME,,%o è stato  illuminato dalle fiamme di %k.,%o è stato  illuminato dalle fiamme di %k.,A %o l@[ao_esp] han calcinado las llamas de %k.
%o was cleansed by %k's Wraithverge.,OB_MPCWEAPWRAITHVERGE,,%o è stato purificato dalla Verga SconfinaSpettri di %k.,%o è stato purificato dalla Verga SconfinaSpettri di %k.,A %o l@[ao_esp] ha limpiado la vara fantasmal de %k.
%o took one too many sapphire beams from %k.,OB_MPMWEAPWAND,,%o si è buscato un raggio di zaffiro di troppo da %k.,%o si è buscato un raggio di zaffiro di troppo da %k.,%o ha recibido demasiados rayos de zafiro de %k.
%o was turned into a frosty fellow by %k.,OB_MPMWEAPFROST,,%o è stato trasformato in un simpatico pupazzo di neve da %k.,%o è stato trasformato in un simpatico pupazzo di neve da %k.,%o ha sido convertid@[ao_esp] en un helado por %k.
%o received a shocking revelation from %k.,OB_MPMWEAPLIGHTNING,,"%o ha ricevuto una notizia ""elettrizzante"" da %k.","%o ha ricevuto una notizia ""elettrizzante"" da %k.",%o ha recibido una revelación impactante de %k.
%o was wiped off the face of the universe by %k's Bloodscourge.,OB_MPMWEAPBLOODSCOURGE,,%o è stato cancellato dalla faccia dell'universo dal Flagello di Sangue di %k.,%o è stato cancellato dalla faccia dell'universo dal Flagello di Sangue di %k.,%o ha sido borrad@[ao_esp] de la faz del universo por la plaga sangrienta de %k.
,,,,,
,,,,,
You picked up the Metal Armor.,TXT_METALARMOR,,Hai raccolto l'Armatura di Metallo.,Hai raccolto l'Armatura di Metallo.,Encuentras una armadura de metal.
You picked up the Leather Armor.,TXT_LEATHERARMOR,,Hai raccolto l'Armatura di Cuoio.,Hai raccolto l'Armatura di Cuoio.,Encuentras una armadura de cuero.
You picked up the Med patch.,TXT_MEDPATCH,,Hai raccolto le Bende.,Hai raccolto le Bende.,Encuentras unas tiritas.
You picked up the Medical kit.,TXT_MEDICALKIT,,Hai raccolto il Kit di Pronto Soccorso.,Hai raccolto il Kit di Pronto Soccorso.,Encuentras un botiquín.
You picked up the Surgery Kit.,TXT_SURGERYKIT,,Hai raccolto il Kit Chirurgico.,Hai raccolto il Kit Chirurgico.,Encuentras un kit quirúrgico.
You picked up the map.,TXT_STRIFEMAP,,Hai raccolto la Mappa.,Hai raccolto la Mappa.,Encuentras el mapa.
You picked up the ring.,TXT_BELDINSRING,,Hai raccolto l'Anello.,Hai raccolto l'Anello.,Tienes el anillo.
You picked up the Offering Chalice.,TXT_OFFERINGCHALICE,,Hai raccolto il Calice delle Offerte.,Hai raccolto il Calice delle Offerte.,Encuentras un cáliz de ofrenda.
You picked up the ear.,TXT_EAR,,Hai raccolto l'Orecchio.,Hai raccolto l'Orecchio.,Tienes la oreja.
You picked up the broken power coupling.,TXT_BROKENCOUPLING,,Hai raccolto la Coppia Energetica Rotta.,Hai raccolto la Coppia Energetica Rotta.,Tienes el acoplador de energía roto.
You picked up the Shadow armor.,TXT_SHADOWARMOR,,Hai raccolto l'Armatura Ombra.,Hai raccolto l'Armatura Ombra.,Encuentras una armadura de sombra.
You picked up the Environmental Suit.,TXT_ENVSUIT,,Hai raccolto la Tuta Ambientale.,Hai raccolto la Tuta Ambientale.,Encuentras un traje NBQ.
You picked up the Guard Uniform.,TXT_GUARDUNIFORM,,Hai raccolto l'Uniforme da Guardia.,Hai raccolto l'Uniforme da Guardia.,Tienes el uniforme de un guardia.
You picked up the Officer's Uniform.,TXT_OFFICERSUNIFORM,,Hai raccolto l'Uniforme da Ufficiale.,Hai raccolto l'Uniforme da Ufficiale.,Encuentras un uniforme de oficial.
You picked up the flame thrower parts.,TXT_FTHROWERPARTS,,Hai raccolto delle parti di Lanciafiamme.,Hai raccolto delle parti di Lanciafiamme.,Tienes las partes de un lanzallamas.
You picked up the report.,TXT_REPORT,,Hai raccolto il rapporto.,Hai raccolto il rapporto.,Tienes el reporte.
You picked up the info.,TXT_INFO,,Hai raccolto delle Informazioni.,Hai raccolto delle Informazioni.,Tienes la información.
You picked up the Targeter.,TXT_TARGETER,,Hai raccolto il Puntatore.,Hai raccolto il Puntatore.,Encuentras una mira de arma.
You picked up the Communicator.,TXT_COMMUNICATOR,,Hai raccolto il Comunicatore.,Hai raccolto il Comunicatore.,Encuentras un intercomunicador.
You picked up the coin.,TXT_COIN,,Hai raccolto la Moneta.,Hai raccolto la Moneta.,Encuentras una moneda.
You picked up %d gold.,TXT_XGOLD,,Hai raccolto %d pezzi d'oro.,Hai raccolto %d pezzi d'oro.,Encuentras %d monedas de oro.
You picked up the Teleporter Beacon.,TXT_BEACON,,Hai raccolto il Radiofaro per Teletrasporto.,Hai raccolto il Radiofaro per Teletrasporto.,Encuentras una baliza de teletransporte.
You picked up the Degnin Ore.,TXT_DEGNINORE,,Hai raccolto il Minerale Degnin.,Hai raccolto il Minerale Degnin.,Encuentras mineral de Degnin.
You picked up the scanner.,TXT_SCANNER,,Hai raccolto lo Scanner.,Hai raccolto lo Scanner.,Encuentras un escáner.
"The scanner won't work without a map!
",TXT_NEEDMAP,,Lo scanner non può funzionare senza una mappa!,Lo scanner non può funzionare senza una mappa!,¡El escáner no funciona sin un mapa!
You picked up the Prison pass.,TXT_PRISONPASS,,Hai raccolto il lasciapassare per la Prigione.,Hai raccolto il lasciapassare per la Prigione.,Tienes el pase a la prisión.
You picked up the crossbow.,TXT_STRIFECROSSBOW,,Hai raccolto la Balestra.,Hai raccolto la Balestra.,Encuentras una ballesta.
You picked up the assault gun.,TXT_ASSAULTGUN,,Hai raccolto il fucile d'assalto.,Hai raccolto il fucile d'assalto.,Encuentras un fusil de asalto.
You picked up the mini missile launcher.,TXT_MMLAUNCHER,,Hai raccolto il Mini-Lanciamissili.,Hai raccolto il Mini-Lanciamissili.,Encuentras un minilanzamisiles.
You picked up the flame thrower.,TXT_FLAMER,,Hai raccolto il Lanciafiamme.,Hai raccolto il Lanciafiamme.,Encuentras un lanzallamas.
You picked up the mauler.,TXT_MAULER,,Hai raccolto il Pestatore.,Hai raccolto il Pestatore.,Encuentras un triturador.
You picked up the Grenade launcher.,TXT_GLAUNCHER,,Hai raccolto il Lanciagranate.,Hai raccolto il Lanciagranate.,Encuentras un lanzagranadas.
You picked up the SIGIL.,TXT_SIGIL,,Hai raccolto il SIGILLO.,Hai raccolto il SIGILLO.,Encuentras el EMBLEMA.
You picked up the Base Key.,TXT_BASEKEY,,Hai raccolto la chiave della Base.,Hai raccolto la chiave della Base.,Tienes la llave de la base.
You picked up the Govs Key.,TXT_GOVSKEY,,Hai raccolto la chiave del Governatore.,Hai raccolto la chiave del Governatore.,Tienes la llave del Gobernador.
You picked up the Passcard.,TXT_PASSCARD,,Hai raccolto la Tessera Lasciapassare.,Hai raccolto la Tessera Lasciapassare.,Tienes la llave de la central eléctrica.
You picked up the ID Badge.,TXT_IDBADGE,,Hai raccolto il Distintivo.,Hai raccolto il Distintivo.,Tienes la insignia de la prisión.
You picked up the Prison Key.,TXT_PRISONKEY,,Hai raccolto la chiave della Prigione.,Hai raccolto la chiave della Prigione.,Tienes la llave de la prisión.
You picked up the Severed Hand.,TXT_SEVEREDHAND,,Hai raccolto la Mano Mozzata.,Hai raccolto la Mano Mozzata.,Tienes una mano amputada.
You picked up the Power1 Key.,TXT_POWER1KEY,,Hai raccolto la chiave della Centrale n.1,Hai raccolto la chiave della Centrale n.1,Tienes una identificación nivel uno de la central.
You picked up the Power2 Key.,TXT_POWER2KEY,,Hai raccolto la chiave della Centrale n.2,Hai raccolto la chiave della Centrale n.2,Tienes una identificación nivel dos de la central.
You picked up the Power3 Key.,TXT_POWER3KEY,,Hai raccolto la chiave della Centrale n.3,Hai raccolto la chiave della Centrale n.3,Tienes una identificación nivel tres de la central.
You picked up the Gold Key.,TXT_GOLDKEY,,Hai raccolto la chiave dorata,Hai raccolto la chiave dorata,Tienes una llave dorada.
You picked up the ID Card.,TXT_IDCARD,,Hai raccolto la Tessera di Identificazione.,Hai raccolto la Tessera di Identificazione.,Tienes una identificación de las clocacas.
You picked up the Silver Key.,TXT_SILVERKEY,,Hai raccolto la chiave argentata,Hai raccolto la chiave argentata,Tienes una llave plateada.
You picked up the Oracle Key.,TXT_ORACLEKEY,,Hai raccolto la chiave dell'Oracolo.,Hai raccolto la chiave dell'Oracolo.,Tienes una llave del Oráculo.
You picked up the Military ID.,TXT_MILITARYID,,Hai raccolto l'Identificativo Militare.,Hai raccolto l'Identificativo Militare.,Tienes una identificación militar.
You picked up the Order Key.,TXT_ORDERKEY,,Hai raccolto la chiave dell'Ordine.,Hai raccolto la chiave dell'Ordine.,Tienes la llave de La Orden.
You picked up the Warehouse Key.,TXT_WAREHOUSEKEY,,Hai raccolto la chiave del Magazzino.,Hai raccolto la chiave del Magazzino.,Tienes la llave del almacén.
You picked up the Brass Key.,TXT_BRASSKEY,,Hai raccolto la chiave d'Ottone.,Hai raccolto la chiave d'Ottone.,Tienes la llave de latón.
You picked up the Red Crystal Key.,TXT_REDCRYSTAL,,Hai raccolto la chiave del Cristallo Rosso.,Hai raccolto la chiave del Cristallo Rosso.,Encuentras la llave de cristal rojo.
You picked up the Blue Crystal Key.,TXT_BLUECRYSTAL,,Hai raccolto la chiave del Cristallo Blu.,Hai raccolto la chiave del Cristallo Blu.,Encuentras la llave de cristal azul.
You picked up the Chapel Key.,TXT_CHAPELKEY,,Hai raccolto la chiave della Cappella,Hai raccolto la chiave della Cappella,Encuentras la llave de la capilla.
You picked up the Catacomb Key.,TXT_CATACOMBKEY,,Hai raccolto la chiave delle Catacombe.,Hai raccolto la chiave delle Catacombe.,Tienes la llave de las catacumbas.
You picked up the Security Key.,TXT_SECURITYKEY,,Hai raccolto  la chiave della Sicurezza.,Hai raccolto  la chiave della Sicurezza.,Tienes la llave de seguridad.
You picked up the Core Key.,TXT_COREKEY,,Hai raccolto  la chiave del Nucleo.,Hai raccolto  la chiave del Nucleo.,Encuentras la llave del núcleo.
You picked up the Mauler Key.,TXT_MAULERKEY,,Hai raccolto la chiave del Pestatore.,Hai raccolto la chiave del Pestatore.,Tienes la llave de los trituradores.
You picked up the Factory Key.,TXT_FACTORYKEY,,Hai raccolto la chiave della Fabbrica.,Hai raccolto la chiave della Fabbrica.,Encuentras la llave de la fábrica.
You picked up the Mine Key.,TXT_MINEKEY,,Hai raccolto la chiave della Miniera.,Hai raccolto la chiave della Miniera.,Encuentras la llave de la mina.
You picked up the New Key5.,TXT_NEWKEY5,,Hai raccolto la Nuova Chiave n.5,Hai raccolto la Nuova Chiave n.5,Tienes la llave nueva cinco.
You picked up the Oracle Pass.,TXT_ORACLEPASS,,Hai raccolto il Lasciapassare dell'Oracolo.,Hai raccolto il Lasciapassare dell'Oracolo.,Tienes el pase del Oráculo.
You picked up the HE-Grenade Rounds.,TXT_HEGRENADES,,Hai raccolto delle granate ad Alto Potenziale,Hai raccolto delle granate ad Alto Potenziale,Encuentras granadas de conmoción.
You picked up the Phosphorus-Grenade Rounds.,TXT_PHGRENADES,,Hai raccolto delle Granate al Fosforo.,Hai raccolto delle Granate al Fosforo.,Encuentras granadas de fósforo.
You picked up the clip of bullets.,TXT_CLIPOFBULLETS,,Hai raccolto un caricatore di proiettili.,Hai raccolto un caricatore di proiettili.,Encuentras un cargador.
You picked up the box of bullets.,TXT_BOXOFBULLETS,,Hai raccolto una scatola di proiettili.,Hai raccolto una scatola di proiettili.,Encuentras una caja de municiones.
You picked up the mini missiles.,TXT_MINIMISSILES,,Hai raccolto dei mini-missili.,Hai raccolto dei mini-missili.,Encuentras minimisiles.
You picked up the crate of missiles.,TXT_CRATEOFMISSILES,,Hai raccolto una cassa di missili.,Hai raccolto una cassa di missili.,Encuentras una caja de minimisiles.
You picked up the energy pod.,TXT_ENERGYPOD,,Hai raccolto un nucleo energetico.,Hai raccolto un nucleo energetico.,Encuentras una cápsula de energía.
You picked up the energy pack.,TXT_ENERGYPACK,,Hai raccolto una carica energetica grande.,Hai raccolto una carica energetica grande.,Encuentras un paquete de energía.
You picked up the poison bolts.,TXT_POISONBOLTS,,Hai raccolto dei dardi velenosi.,Hai raccolto dei dardi velenosi.,Encuentras flechas envenenadas.
You picked up the electric bolts.,TXT_ELECTRICBOLTS,,Hai raccolto dei dardi elettrici.,Hai raccolto dei dardi elettrici.,Encuentras flechas eléctricas.
You picked up the ammo satchel.,TXT_AMMOSATCHEL,,Hai raccolto una Borsa delle Munizioni.,Hai raccolto una Borsa delle Munizioni.,Encuentras un bolso de munición.
You have a feeling that it wasn't to be touched...,MSG_TALISMANRED,,Hai la sensazione che non doveva essere toccato...,Hai la sensazione che non doveva essere toccato...,Tienes la sensación de que no debía ser tocado...
"Whatever it is, it doesn't belong in this world...",MSG_TALISMANGREEN,,"Qualunque cosa sia, non appartiene a questo mondo...","Qualunque cosa sia, non appartiene a questo mondo...","Sea lo que sea, no pertenece a este mundo..."
It must do something...,MSG_TALISMANBLUE,,Deve fare qualcosa...,Deve fare qualcosa...,Debe hacer algo...
You have super strength!,MSG_TALISMANPOWER,,Hai la super forza!,Hai la super forza!,¡Tienes superfuerza!
,,,,,
You don't have the key,TXT_NEEDKEY,,Non hai la chiave necessaria,Non hai la chiave necessaria,No tienes la llave
You need a passcard,TXT_NEED_PASSCARD,,Ti serve un lasciapassare,Ti serve un lasciapassare,Necesitas la llave de la central
You need a pass card key to open this door,TXT_NEED_PASSCARD_DOOR,,Ti serve una tessera lasciapassare per aprire questa porta.,Ti serve una tessera lasciapassare per aprire questa porta.,"Necesitas una llave de la
central para abrir esta puerta"
You need an ID card,TXT_NEED_IDCARD,,Ti serve una tessera identificativa.,Ti serve una tessera identificativa.,"Necesitas una tarjeta
de identificación"
You don't have the key to the prison,TXT_NEED_PRISONKEY,,Ti manca la chiave per la prigione,Ti manca la chiave per la prigione,No tienes la llave a la prisión
Hand print not on file,TXT_NEED_HANDPRINT,,Impronta digitale non in archivio,Impronta digitale non in archivio,Huella de la mano no registrada
You need the Gold Key,TXT_NEED_GOLDKEY,,Ti serve la chiave dorata,Ti serve la chiave dorata,Necesitas la llave dorada
You need an ID Badge,TXT_NEED_IDBADGE,,Ti serve un distintivo di identificazione,Ti serve un distintivo di identificazione,"Necesitas una insignia
de la prisión"
You need an ID Badge to open this door,TXT_NEED_IDBADGE_DOOR,,Ti serve un distintivo di identificazione per superare questa porta,Ti serve un distintivo di identificazione per superare questa porta,"Necesitas una insignia de la
prisión para abrir esta puerta"
You need the Silver Key,TXT_NEED_SILVERKEY,,Ti serve la chiave argentata,Ti serve la chiave argentata,Necesitas la llave plateada
You need the Brass Key,TXT_NEED_BRASSKEY,,Ti serve la chiave d'ottone,Ti serve la chiave d'ottone,Necesitas la llave de latón
You need the Red Crystal,TXT_NEED_REDCRYSTAL,,Ti serve il Cristallo Rosso,Ti serve il Cristallo Rosso,Necesitas el cristal rojo
You need the Blue Crystal,TXT_NEED_BLUECRYSTAL,,Ti serve il Cristallo Blu,Ti serve il Cristallo Blu,Necesitas el cristal azul
This area is only available in the retail version of Strife,TXT_RETAIL_ONLY,,Quest'area è disponibile solo nella versione completa di Strife.,Quest'area è disponibile solo nella versione completa di Strife.,"Esta área solo está disponible
en la versión completa de Strife"
That doesn't seem to work,TXT_DOES_NOT_WORK,,Non sembra funzionare,Non sembra funzionare,Parece que eso no funciona
You need the chalice!,TXT_NEED_CHALICE,,Hai bisogno del calice.,Hai bisogno del calice.,¡Necesitas el Cáliz!
You need the Oracle Pass!,TXT_NEED_OPASS,,Hai bisogno del pass dell'Oracolo.,Hai bisogno del pass dell'Oracolo.,¡Necesitas el pase del Oráculo!
,,,,,
Dagger,TAG_PUNCHDAGGER,,Pugnale,Pugnale,Daga
Crossbow,TAG_STRIFECROSSBOW1,,Balestra,Balestra,Ballesta (eléctrica)
Crossbow,TAG_STRIFECROSSBOW2,,Balestra,Balestra,Ballesta (veneno)
Assault Gun,TAG_ASSAULTGUN,,Fucile d'Assalto,Fucile d'Assalto,Fusil de asalto
Mini Missile Launcher,TAG_MMLAUNCHER,,Mini-Lanciamissili,Mini-Lanciamissili,Minilanzamisiles
Flame Thrower,TAG_FLAMER,,Lanciafiamme,Lanciafiamme,Lanzallamas
Mauler,TAG_MAULER1,,Pestatore,Pestatore,Triturador (dispersión)
Mauler,TAG_MAULER2,,Pestatore,Pestatore,Triturador (torpedo)
Grenade Launcher,TAG_GLAUNCHER1,,Lanciagranate,Lanciagranate,Lanzagranadas (conmoción)
Grenade Launcher,TAG_GLAUNCHER2,,Lanciagranate,Lanciagranate,Lanzagranadas (fósforo)
Sigil,TAG_SIGIL,,Sigillo,Sigillo,Emblema
Coin,TAG_COIN,,Moneta,Moneta,Moneda
Med patch,TAG_MEDPATCH,,Bende,Bende,Tiritas
Medical kit,TAG_MEDICALKIT,,Kit di Pronto Soccorso,Kit di Pronto Soccorso,Botiquín
Surgery Kit,TAG_SURGERYKIT,,Kit Chirurgico,Kit Chirurgico,Kit quirúrgico
Ring,TAG_BELDINSRING,,Anello,Anello,Anillo
Offering Chalice,TAG_OFFERINGCHALICE,,Calice delle Offerte,Calice delle Offerte,Cáliz de ofrenda
Ear,TAG_EAR,,Orecchio,Orecchio,Oreja
Broken Power Coupling,TAG_BROKENCOUPLING,,Coppia Energetica Rotta,Coppia Energetica Rotta,Acoplador de energía roto
Shadow Armor,TAG_SHADOWARMOR,,Armatura Ombra,Armatura Ombra,Armadura de sombra
Environmental Suit,TAG_ENVSUIT,,Tuta Ambientale,Tuta Ambientale,Traje NBQ
Guard Uniform,TAG_GUARDUNIFORM,,Uniforme da Guardia,Uniforme da Guardia,Uniforme de guardia
Officer's Uniform,TAG_OFFICERSUNIFORM,,Uniforme da Ufficiale,Uniforme da Ufficiale,Uniforme de oficial
Flame Thrower Parts,TAG_FTHROWERPARTS,,Parti di Lanciafiamme,Parti di Lanciafiamme,Partes de lanzallamas
Report,TAG_REPORT,,Rapporto,Rapporto,Reporte
Info,TAG_INFO,,Informazioni,Informazioni,Información
Targeter,TAG_TARGETER,,Puntatore,Puntatore,Mira de arma
Communicator,TAG_COMMUNICATOR,,Comunicatore,Comunicatore,Intercomunicador
Degnin Ore,TAG_DEGNINORE,,Minerale Degnin,Minerale Degnin,Mineral de Degnin
Accuracy,TAG_GUNTRAINING,,Precisione,Precisione,Precisión
Toughness,TAG_HEALTHTRAINING,,Robustezza,Robustezza,Dureza
Scanner,TAG_SCANNER,,Scanner,Scanner,Escáner
Prison Pass,TAG_PRISONPASS,,Lasciapassare Prigione,Lasciapassare Prigione,Pase a la prisión
Alarm,TAG_ALARM,,Allarme,Allarme,Alarma
Ammo,TAG_AMMOFILLUP,,Munizioni,Munizioni,Munición
Health,TAG_HEALTHFILLUP,,Salute,Salute,Salud
Teleporter Beacon,TAG_TELEPORTERBEACON,,Radiofaro per Teletrasporto,Radiofaro per Teletrasporto,Baliza de teletransporte
Metal Armor,TAG_METALARMOR,,Armatura di Metallo,Armatura di Metallo,Armadura de metal
Leather Armor,TAG_LEATHER,,Armatura di Cuoio,Armatura di Cuoio,Armadura de cuero
HE-Grenade Rounds,TAG_HEGRENADES,,Granata HE,Granata HE,Granadas de conmoción
Phosphorus-Grenade Rounds,TAG_PHGRENADES,,Granata al Fosforo,Granata al Fosforo,Granadas de fósforo
Clip of Bullets,TAG_CLIPOFBULLETS,,Caricatore di Proiettili,Caricatore di Proiettili,Cargador de balas
Ammo,TAG_BOXOFBULLETS,,Munizioni,Munizioni,Caja de municiones
Mini Missiles,TAG_MINIMISSILES,,Mini-Missili,Mini-Missili,Minimisiles
Crate of Missiles,TAG_CRATEOFMISSILES,,Cassa di Missili,Cassa di Missili,Caja de minimisiles
Energy Pod,TAG_ENERGYPOD,,Nucleo Enegetico,Nucleo Enegetico,Cápsula de energía
Energy Pack,TAG_ENERGYPACK,,Carica Energetica,Carica Energetica,Paquete de energía
Poison Bolts,TAG_POISONBOLTS,,Dardi Velenosi,Dardi Velenosi,Flechas venenosas
Electric Bolts,TAG_ELECTRICBOLTS,,Dardi Elettrici,Dardi Elettrici,Flechas eléctricas
Ammo Satchel,TAG_AMMOSATCHEL,,Borsa di Munizioni,Borsa di Munizioni,Bolso de municiones
Base Key,TAG_BASEKEY,,Chiave della Base,Chiave della Base,Llave de la base
Govs Key,TAG_GOVSKEY,,Chiave del Governatore,Chiave del Governatore,Llave Gobernador
Passcard,TAG_PASSCARD,,Tessera Lasciapassare,Tessera Lasciapassare,Llave de la central
ID Badge,TAG_IDBADGE,,Distintivo,Distintivo,Insignia de prisión
Prison Key,TAG_PRISONKEY,,Chiave della Prigione,Chiave della Prigione,Llave de la prisión
Severed Hand,TAG_SEVEREDHAND,,Mano Mozzata,Mano Mozzata,Mano amputada
Power1 Key,TAG_POWER1KEY,,Chiave della Centrale 1,Chiave della Centrale 1,Ident. central nv. 1
Power2 Key,TAG_POWER2KEY,,Chiave della Centrale 2,Chiave della Centrale 2,Ident. central nv. 2
Power3 Key,TAG_POWER3KEY,,Chiave della Centrale 3,Chiave della Centrale 3,Ident. central nv. 3
Gold Key,TAG_GOLDKEY,,Chiave Dorata,Chiave Dorata,Llave dorada
ID Card,TAG_IDCARD,,Tessera Identificativa,Tessera Identificativa,Identif. cloacas
Silver Key,TAG_SILVERKEY,,Chiave Argentata,Chiave Argentata,Llave plateada
Oracle Key,TAG_ORACLEKEY,,Chiave dell'Oracolo,Chiave dell'Oracolo,Llave del Oráculo
Military ID,TAG_MILITARYID,,Identificativo Militare,Identificativo Militare,Identif. militar
Order Key,TAG_ORDERKEY,,Chiave dell'Ordine,Chiave dell'Ordine,Llave de La Orden
Warehouse Key,TAG_WAREHOUSEKEY,,Chiave del Magazzino,Chiave del Magazzino,Llave del almacén
Brass Key,TAG_BRASSKEY,,Chiave d'Ottone,Chiave d'Ottone,Llave de latón
Red Crystal Key,TAG_REDCRYSTALKEY,,Chiave di Cristallo Rosso,Chiave di Cristallo Rosso,Llave cristal rojo
Blue Crystal Key,TAG_BLUECRYSTALKEY,,Chiave di Cristallo Blu,Chiave di Cristallo Blu,Llave cristal azul
Chapel Key,TAG_CHAPELKEY,,Chiave della Cappella,Chiave della Cappella,Llave de la Capilla
Catacomb Key,TAG_CATACOMBKEY,,Chiave delle Catacombe,Chiave delle Catacombe,Llave Catacumbas
Security Key,TAG_SECURITYKEY,,Chiave della Sicurezza,Chiave della Sicurezza,Llave de Seguridad
Core Key,TAG_COREKEY,,Chiave del Nucleo,Chiave del Nucleo,Llave del Núcleo
Mauler Key,TAG_MAULERKEY,,Chiave del Pestatore,Chiave del Pestatore,Llave Triturador
Factory Key,TAG_FACTORYKEY,,Chiave della Fabbrica,Chiave della Fabbrica,Llave de la Fábrica
Mine Key,TAG_MINEKEY,,Chiave della Miniera,Chiave della Miniera,Llave de la Mina
New Key5,TAG_NEWKEY5,,Nuova Chiave 5,Nuova Chiave 5,Llave nueva cinco
Oracle Pass,TAG_ORACLEPASS,,Lasciapassare dell'Oracolo,Lasciapassare dell'Oracolo,Pase del Oráculo
10 gold,TAG_10GOLD,,10 pezzi d'oro,10 pezzi d'oro,10 de oro
25 gold,TAG_25GOLD,,25 pezzi d'oro,25 pezzi d'oro,25 de oro
50 gold,TAG_50GOLD,,50 pezzi d'oro,50 pezzi d'oro,50 de oro
300 gold,TAG_300GOLD,,300 pezzi d'oro,300 pezzi d'oro,300 de oro
Person,TXT_PERSON,,Persona,Persona,Persona
Acolyte,TAG_ACOLYTE,,Accolito,Accolito,Acólito
Armorer,TAG_ARMORER,,Armaiolo,Armaiolo,Armero
Bar Keep,TAG_BARKEEP,,Barista,Barista,Cantinero
Beggar,TAG_BEGGAR,,Mendicante,Mendicante,Mendigo
Macil,TAG_MACIL1,,,,
Macil,TAG_MACIL2,,,,
Medic,TAG_MEDIC,,Medico,Medico,Médico
Oracle,TAG_ORACLE,,Oracolo,Oracolo,Oráculo
Priest,TAG_PRIEST,,Sacerdote,Sacerdote,Sacerdote
Rat Buddy,TAG_RATBUDDY,,Ratto,Ratto,Rata
Rebel,TAG_REBEL,,Ribelle,Ribelle,Rebelde
Templar,TAG_TEMPLAR,,Templare,Templare,Templario
Weapon Smith,TAG_WEAPONSMITH,,Fabbro,Fabbro,Forjador de armas
Red Talisman,TAG_TALISMANRED,,Talismano rosso,Talismano rosso,Talismán rojo
Green Talisman,TAG_TALISMANGREEN,,Talismano verde,Talismano verde,Talismán verde
Blue Talisman,TAG_TALISMANBLUE,,Talismano blu,Talismano blu,Talismán azul
,,,,,
%o was zealously shot down by an Acolyte.,OB_ACOLYTE,,%o è stato zelantemente abbattuto da un accolito.,%o è stato zelantemente abbattuto da un accolito.,A %o l@[ao_esp] ha derribado con fervor un Acólito.
%o should have never rebelled against Macil.,OB_MACIL,,%o non avrebbe mai dovuto opporsi a Macil.,%o non avrebbe mai dovuto opporsi a Macil.,%o no debería haberse rebelado contra Macil.
%o was gunned down by a Rebel.,OB_REBEL,,%o è stato colpito a morte da un Ribelle.,%o è stato colpito a morte da un Ribelle.,A %o l@[ao_esp] ha fusilado un Rebelde.
%o was beaten to death by the poor.,OB_BEGGAR,,%o è stato calpestato dalla povertà.,%o è stato calpestato dalla povertà.,%o ha sido abatid@[ao_esp] a muerte por los pobres.
%o should have never picked a fight with a civilian.,OB_PEASANT,,%o non avrebbe mai dovuto prendersela con un civile.,%o non avrebbe mai dovuto prendersela con un civile.,%o no debería haber empezado una pelea con un civil.
%o was struck down by the Spectre.,OB_ALIENSPECTRE,,%o è stato abbattuto dallo Spettro.,%o è stato abbattuto dallo Spettro.,A %o l@[ao_esp] ha fulminado el Espectro.
%o felt the wrath of The One God.,OB_ENTITY,,%o ha assistito all'ira dell'Unico Dio.,%o ha assistito all'ira dell'Unico Dio.,%o ha sentido la ira del Dios Único.
%o couldn't escape from the Lore Master's grasp.,OB_LOREMASTER,,%o non è riuscito a sfuggire alla stretta del Sapiente.,%o non è riuscito a sfuggire alla stretta del Sapiente.,%o no ha conseguido huir de las garras del Maestro del Conocimiento.
%o was deleted by the Programmer.,OB_PROGRAMMER,,%o è stato cancellato dal Programmatore.,%o è stato cancellato dal Programmatore.,%o ha sido suprimid@[ao_esp] por El Programador.
%o was blown away by the Bishop.,OB_STFBISHOP,,%o è stato spazzato via dal Vescovo.,%o è stato spazzato via dal Vescovo.,%o ha sido volad@[ao_esp] en pedazos por el Obispo.
%o was shot down by a Sentinel.,OB_SENTINEL,,%o è stato impallinato dalla Sentinella.,%o è stato impallinato dalla Sentinella.,A %o l@[ao_esp] ha derribado un Centinela.
%o was swept away by a Crusader.,OB_CRUSADER,,%o è stato tolto di mezzo da un Crociato.,%o è stato tolto di mezzo da un Crociato.,A %o l@[ao_esp] ha aniquilado un Cruzado.
%o was sentenced by an Inquisitor.,OB_INQUISITOR,,%o è stato condannato da un Inquisitore.,%o è stato condannato da un Inquisitore.,A %o l@[ao_esp] ha sentenciado un Inquisidor.
%o was bugged by a Stalker.,OB_STALKER,,%o è stato violentato da un Cacciatore.,%o è stato violentato da un Cacciatore.,A %o l@[ao_esp] ha fastidiado un Acechador.
%o triggered the automatic defenses.,OB_TURRET,,%o ha attivato le difese automatiche.,%o ha attivato le difese automatiche.,%o ha activado las defensas automáticas.
%o was clawed by a Templar.,OB_TEMPLARHIT,,%o è stato artigliato da un Templare.,%o è stato artigliato da un Templare.,A %o l@[ao_esp] ha desgarrado un Templario.
%o was vaporized by a Templar.,OB_TEMPLAR,,%o è stato vaporizzato da un Templare.,%o è stato vaporizzato da un Templare.,A %o l@[ao_esp] ha vaporizado un Templario.
%o was sliced open by a Reaver.,OB_REAVERHIT,,%o è stato aperto a metà da un Saccheggiatore.,%o è stato aperto a metà da un Saccheggiatore.,A %o l@[ao_esp] ha rebanado un Saqueador.
%o was shot down by a Reaver.,OB_REAVER,,%o è stato colpito da un Saccheggiatore.,%o è stato colpito da un Saccheggiatore.,A %o l@[ao_esp] ha derribado un Saqueador.
%o was unwittingly backstabbed by %k.,OB_MPPUNCHDAGGER,,%o è stato colto alle spalle da %k senza che se ne accorgesse.,%o è stato colto alle spalle da %k senza che se ne accorgesse.,%o ha sido apuñalad@[ao_esp] sin querer por %k.
%o got bolted to the wall by %k.,OB_MPELECTRICBOLT,,%o è stato inchiodato al muro da %k.,%o è stato inchiodato al muro da %k.,%o ha quedado atornillad@[ao_esp] a la pared por %k.
%o received a lethal dose of %k's wrath.,OB_MPPOISONBOLT,,%o ha ricevuto una dose letale dell'ira di %k.,%o ha ricevuto una dose letale dell'ira di %k.,%o ha recibido una dosis letal de la ira de %k.
%o was drilled full of holes by %k's assault gun.,OB_MPASSAULTGUN,,%o è stato crivellato dall'arma d'assalto di %k.,%o è stato crivellato dall'arma d'assalto di %k.,%o ha sido taladrad@[ao_esp] por el fusil de asalto de %k.
%o gulped down %k's missile.,OB_MPMINIMISSILELAUNCHER,,%o ha inghiottito il missile di %k.,%o ha inghiottito il missile di %k.,%o se ha tragado el misil de %k.
%o was inverted by %k's H-E grenade.,OB_MPSTRIFEGRENADE,,%o è stato invertito dalla granata H-E di %k.,%o è stato invertito dalla granata H-E di %k.,%o ha sido invertid@[ao_esp] por la granada HE de %k.
%o took a flame bath in %k's phosphorous pyre.,OB_MPPHOSPHOROUSGRENADE,,%o ha fatto un bagno nelle fiamme nella pira di fosforo di %k.,%o ha fatto un bagno nelle fiamme nella pira di fosforo di %k.,%o se ha bañado en las llamas de fósforo de %k.
%o was barbecued by %k.,OB_MPFLAMETHROWER,,%o è stato fatto alla griglia da %k.,%o è stato fatto alla griglia da %k.,%o ha sido asad@[ao_esp] por %k.
%o was zapped by %k.,OB_MPMAULER1,,%o è stato fulminato da %k.,%o è stato fulminato da %k.,A %o l@[ao_esp] ha electrocutado %k.
%o was viciously vaporized by %k.,OB_MPMAULER,,%o è stato crudelmente vaporizzato da %k.,%o è stato crudelmente vaporizzato da %k.,%o ha sido ferozmente vaporizad@[ao_esp] por %k.
%o bowed down to the sheer power of %k's Sigil.,OB_MPSIGIL,,%o si è prostrato davanti alla pura potenza del Sigillo di %k.,%o si è prostrato davanti alla pura potenza del Sigillo di %k.,%o se ha inclinado ante el poder puro del emblema de %k.
,,,,,
Quest for the Sigil,TXT_STRIFE_EPI,,Alla ricerca del Sigillo,Alla ricerca del Sigillo,La búsqueda del Emblema
You've freed the prisoners!,TXT_FREED_PRISONERS,,"Hai liberato i prigionieri!
","Hai liberato i prigionieri!
",¡Has liberado a los prisioneros!
You've destroyed the Converter!,TXT_DESTROYED_CONVERTER,,Hai distrutto i Convertitori!,Hai distrutto i Convertitori!,¡Has destruido el convertidor!
Congratulations! You have completed the training area,TXT_COMPLETED_TRAINING,,Congratulazioni! Hai completato l'area di addestramento,Congratulazioni! Hai completato l'area di addestramento,"¡Enhorabuena! Has completado
la zona de entrenamiento"
You've blown up the Crystal,TXT_QUEST_14,,Hai fatto esplodere il Cristallo,Hai fatto esplodere il Cristallo,Has volado el cristal
You've blown up the Gates,TXT_QUEST_16,,Hai fatto esplodere i Cancelli,Hai fatto esplodere i Cancelli,Has destruido las puertas
You've blown up the Computer,TXT_QUEST_27,,Hai fatto esplodere il Computer,Hai fatto esplodere il Computer,Has destruido el ordenador
You killed the Bishop!,TXT_KILLED_BISHOP,,Hai ucciso il Vescovo!,Hai ucciso il Vescovo!,¡Has matado al Obispo!
You've killed the Oracle!,TXT_KILLED_ORACLE,,Hai ucciso l'Oracolo!,Hai ucciso l'Oracolo!,¡Has matado al Oráculo!
You killed Macil!,TXT_KILLED_MACIL,,Hai ucciso Macil!,Hai ucciso Macil!,¡Has matado a Macil!
You've killed the Loremaster!,TXT_KILLED_LOREMASTER,,Hai ucciso il Sapiente!,Hai ucciso il Sapiente!,"¡Has matado al
Maestro del Conocimiento!"
You fool! You've set off the alarm.,TXT_YOUFOOL,,Stolto! Hai fatto scattare l'allarme.,Stolto! Hai fatto scattare l'allarme.,"¡Insensat@[ao_esp]!
Has activado la alarma."
You're dead! You set off the alarm.,TXT_YOUREDEAD,,Sei morto! L'allarme è scattato.,Sei morto! L'allarme è scattato.,"¡Estás muert@[ao_esp]!
Has activado la alarma."
You seem to have enough!,TXT_HAVEENOUGH,,Sembri averne abbastanza!,Sembri averne abbastanza!,¡Se ve que tienes suficiente!
Go away!,TXT_GOAWAY,,Vattene via!,Vattene via!,¡Lárgate!
Incoming Message...,TXT_COMM0,,Messaggio in arrivo...,Messaggio in arrivo...,Mensaje entrante...
Incoming Message from BlackBird...,TXT_COMM1,,Messaggio in arrivo da Blackbird...,Messaggio in arrivo da Blackbird...,Mensaje entrante de Blackbird...
Find help,TXT_FINDHELP,,Trova aiuto,Trova aiuto,Busca ayuda.
for %u,TXT_TRADE,,per %u,per %u,por %u de oro.
,,,,,
,,,,,
Picked up the Chex(R) Armor.,GOTCHEXARMOR,,Raccolta un'Armatura Chex(R).,Raccolta un'Armatura Chex(R).,Recogiste la Armadura Chex(R).
Picked up the Super Chex(R) Armor!,GOTSUPERCHEXARMOR,,Raccolta la Super Armatura Chex(R)!,Raccolta la Super Armatura Chex(R)!,¡Recogiste la Súper-Armadura Chex(R)!
Picked up a glass of water.,GOTWATER,,Raccolto un bicchiere d'acqua.,Raccolto un bicchiere d'acqua.,Recogiste un vaso de agua.
Picked up slime repellent.,GOTREPELLENT,,Raccolto del repellente allo slime.,Raccolto del repellente allo slime.,Recogiste un repelente de baba.
Supercharge Breakfast!,GOTBREAKFAST,,Colazione da supercarica!,Colazione da supercarica!,¡Desayuno supercargado!
Picked up a blue key.,GOTCBLUEKEY,,Raccolta una chiave blu.,Raccolta una chiave blu.,Recogiste una llave azul.
Picked up a yellow key.,GOTCYELLOWKEY,,Raccolta una chiave gialla.,Raccolta una chiave gialla.,Recogiste una llave amarilla.
Picked up a red key.,GOTCREDKEY,,Raccolta una chiave rossa.,Raccolta una chiave rossa.,Recogiste una llave roja.
Picked up a bowl of fruit.,GOTFRUIT,,Raccolto un vassoio di frutta.,Raccolto un vassoio di frutta.,Recogiste un tazón de fruta.
Vegetables are REALLY good for you!,GOTVEGETABLESNEED,,La verdura ti fa DAVVERO bene!,La verdura ti fa DAVVERO bene!,¡Las verduras son REALMENTE buenas para ti!
Picked up a bowl of vegetables.,GOTVEGETABLES,,Raccolto un vassoio di verdura.,Raccolto un vassoio di verdura.,Recogiste un tazón de verduras.
Found a Slime-Proof Suit,GOTSLIMESUIT,,Raccolto un vestito a prova di slime,Raccolto un vestito a prova di slime,Encontraste un traje a prueba de baba.
Found a Computer Area Map,GOTCHEXMAP,,Trovata una mappa computerizzata,Trovata una mappa computerizzata,Encontraste un mapa computarizado del área.
Picked up a mini zorch recharge.,GOTZORCHRECHARGE,,Raccolta una ricarica di mini zorch.,Raccolta una ricarica di mini zorch.,Recogiste una recarga de mini zorch.
Picked up a mini zorch pack.,GOTMINIZORCHPACK,,Raccolta una scatola di mini zorch.,Raccolta una scatola di mini zorch.,Recogiste un paquete de mini zorch.
Picked up a zorch propulsor recharge.,GOTPROPULSORRECHARGE,,Raccolta una ricarica di zorch a propulsione.,Raccolta una ricarica di zorch a propulsione.,Recogiste una recarga de propulsor de zorch.
Picked up a zorch propulsor pack.,GOTPROPULSORPACK,,Raccolta una scatola di zorch a propulsione.,Raccolta una scatola di zorch a propulsione.,Recogiste un paquete de propulsor de zorch.
Picked up a phasing zorcher recharge,GOTPHASINGZORCHERRECHARGE,,Raccolta una ricarica per zorcher a phasing,Raccolta una ricarica per zorcher a phasing,Recogiste una recarga de zorch de fase.
Picked up a phasing zorcher pack.,GOTPHASINGZORCHERPACK,,Raccolta una scatola per zorcher a phasing.,Raccolta una scatola per zorcher a phasing.,Recogiste un paquete de zorch de fase.
Picked up a large zorcher recharge.,GOTLARGEZORCHERRECHARGE,,Raccolta una ricarica per zorcher grande.,Raccolta una ricarica per zorcher grande.,Recogiste una gran recarga de zorch.
Picked up a large zorcher pack.,GOTLARGEZORCHERPACK,,Raccolta una scatola per zorcher grande.,Raccolta una scatola per zorcher grande.,Recogiste un gran paquete de zorch.
Picked up a Zorchpak!,GOTZORCHPACK,,Raccolto uno ZorchZaino!,Raccolto uno ZorchZaino!,¡Recogiste un Zorchpak!
You got the LAZ Device! Woot!,GOTLAZDEVICE,,Hai trovato il dispositivo LAZ! Cavolo!,Hai trovato il dispositivo LAZ! Cavolo!,¡Tienes el dispositivo LAZ! ¡Yuju!
You got the Rapid Zorcher!,GOTRAPIDZORCHER,,Hai trovato il zorcher rapido!,Hai trovato il zorcher rapido!,¡Tienes el Zorcher Rápido!
You got the Super Bootspork!,GOTSUPERBOOTSPORK,,Hai trovato il super bootspork!,Hai trovato il super bootspork!,¡Tienes el Súper Cuchador!
You got the Zorch Propulsor!,GOTZORCHPROPULSOR,,Hai trovato il propulsore zorch!,Hai trovato il propulsore zorch!,¡Tienes el Propulsor de Zorch!
You got the Phasing Zorcher!,GOTPHASINGZORCHER,,Hai trovato il zorcher a phasing!,Hai trovato il zorcher a phasing!,¡Tienes el Zorcher de Fase!
You got the Large Zorcher!,GOTLARGEZORCHER,,Hai trovato il zorcher grande!,Hai trovato il zorcher grande!,¡Tienes el Zorcher Grande!
You got the Mega Zorcher!,GOTSUPERLARGEZORCHER,,Hai trovato il mega zorcher!,Hai trovato il mega zorcher!,¡Tienes el Mega Zorcher!
Picked up a Mini Zorcher.,GOTMINIZORCHER,,Raccolto un mini zorcher.,Raccolto un mini zorcher.,Recogiste un Mini Zorcher
,,,,,
Spoon,TAG_SPOON,,Cucchiaio,Cucchiaio,Cuchara
Super Bootspork,TAG_SPORK,,Super Forcucchiaio,Super Forcucchiaio,Súper Cuchador
Mini Zorcher,TAG_MINIZORCHER,,,,
Large Zorcher,TAG_LARGEZORCHER,,Grosso Zorcher,Grosso Zorcher,Zorcher Grande
Super-Large Zorcher,TAG_SUPERLARGEZORCHER,,Zorcher Enorme,Zorcher Enorme,Zorcher Súper Grande
Rapid Zorcher,TAG_RAPIDZORCHER,,Zorcher Rapido,Zorcher Rapido,Zorcher Rápido
Zorch Propulsor,TAG_ZORCHPROPULSOR,,Propulsore Zorch,Propulsore Zorch,Propulsor de Zorch
Phasing Zorcher,TAG_PHASINGZORCHER,,Zorcher di Fase,Zorcher di Fase,Zorcher de Fase
LAZ Device,TAG_LAZDEVICE,,Dispositivo LAZ,Dispositivo LAZ,Dispositivo LAZ
%o was slimed by a flemoid.,OB_COMMONUS,,%o è stato coperto di slime da un flemoid.,%o è stato coperto di slime da un flemoid.,%o fue pegotead@[ao_esp] por un flemoide.
%o was slimed by a bipedicus.,OB_BIPEDICUS,,%o è stato coperto di slime da un  bipedicus.,%o è stato coperto di slime da un  bipedicus.,%o fue pegotead@[ao_esp] por un bipedicus.
%o was slimed by an armored bipedicus.,OB_BIPEDICUS2,,%o è stato coperto di slime da un bipedicus corazzato.,%o è stato coperto di slime da un bipedicus corazzato.,%o fue pegotead@[ao_esp] por un bipedicus blindado.
%o was slimed by a cycloptis.,OB_CYCLOPTIS,,%o è stato coperto di slime da un cycloptis.,%o è stato coperto di slime da un cycloptis.,%o fue pegotead@[ao_esp] por un cicloptis.
%o was defeated by the Flembrane.,OB_FLEMBRANE,,%o è stato sconfitto dalla Flembrana.,%o è stato sconfitto dalla Flembrana.,%o fue vencid@[ao_esp] por la Flembrana.
%o was spoon fed by %k.,OB_MPSPOON,,%o è stato imboccato da %k.,%o è stato imboccato da %k.,%o fue cucharead@[ao_esp] por %k.
%o was thoroughly mixed with %k's bootspork.,OB_MPBOOTSPORK,,%o è stato mischiato ben bene dal bootspork di %k.,%o è stato mischiato ben bene dal bootspork di %k.,%o fue profundamente revuelt@[ao_esp] por el cubierto de %k.
%o was zorched by %k.,OB_MPZORCH,,%o è stato zorchato da %k.,%o è stato zorchato da %k.,%o fue electrizad@[ao_esp] por %k.
%o was hit by %k's mega-zorcher.,OB_MPMEGAZORCH,,%o è stato colpito dal mega-zorcher di %k.,%o è stato colpito dal mega-zorcher di %k.,%o fue impactad@[ao_esp] por el mega-zorcher de %k.
%o was rapid zorched by %k.,OB_MPRAPIDZORCH,,%o è stato rapid-zorchato da %k.,%o è stato rapid-zorchato da %k.,%o fue electrizad@[ao_esp] rápidamente por %k.
%o was zorched by %k's propulsor.,OB_MPPROPULSOR,,%o è stato zorchato dal propulsore di %k.,%o è stato zorchato dal propulsore di %k.,%o fue electrizad@[ao_esp] por el propulsor de %k.
%o was hit by %k's propulsor.,OB_MPP_SPLASH,,%o è stato colpito dal propulsore di %k.,%o è stato colpito dal propulsore di %k.,%o fue impactad@[ao_esp] por el propulsor de %k.
%o was phase zorched by %k.,OB_MPPHASEZORCH,,%o è stato phase-zorchato da %k.,%o è stato phase-zorchato da %k.,%o fue electrizad@[ao_esp] en fase por %k.
%o fell prey to %k's LAZ device.,OB_MPLAZ_BOOM,,%o è stato preda del dispositivo LAZ di %k.,%o è stato preda del dispositivo LAZ di %k.,%o cayó pres@[ao_esp] ante el dispositivo LAZ de %k.
%o was lazzed by %k.,OB_MPLAZ_SPLASH,,%o è stato lazzato da %k.,%o è stato lazzato da %k.,%o fue LAZeado por %k.
,,,,,
E1M1: Landing Zone,CHUSTR_E1M1,,E1M1: Zona di Atterraggio,E1M1: Zona di Atterraggio,E1M1: Zona de Aterrizaje
E1M2: Storage Facility,CHUSTR_E1M2,,E1M2: Struttura di Immagazzinamento,E1M2: Struttura di Immagazzinamento,E1M2: Instalación de Almacenamiento
E1M3: Experimental Lab,CHUSTR_E1M3,,E1M3: Laboratorio Sperimentale,E1M3: Laboratorio Sperimentale,E1M3: Laboratorio Experimental
E1M4: Arboretum,CHUSTR_E1M4,,E1M4: Arboreto,E1M4: Arboreto,E1M4: Arboreto
E1M5: Caverns of Bazoik,CHUSTR_E1M5,,E1M5: Caverne di Bazoik,E1M5: Caverne di Bazoik,E1M5: Cavernas de Bazoik
"Mission accomplished.

Are you prepared for the next mission?






Press the escape key to continue...",CE1TEXT,,"Missione compiuta.

Sei pronto per la prossima missione?






Premi il tasto 'esc' per continuare...","Missione compiuta.

Sei pronto per la prossima missione?






Premi il tasto 'esc' per continuare...","Misión cumplida.

¿Estás preparad@[ao_esp] para la siguiente misión?




Presiona la tecla de escape para continuar..."
You've done it!,CE2TEXT,,Ce l'hai fatta!,Ce l'hai fatta!,¡Lo hiciste!
Wonderful Job!,CE3TEXT,,Meraviglioso!,Meraviglioso!,¡Maravilloso!
Fantastic,CE4TEXT,,Fantastico,Fantastico,¡Fantástico!
"You can't do load while in a net quest!

Press a key.",CLOADNET,,"Non puoi caricare una partita durante una netquest!

Premi un tasto.","Non puoi caricare una partita durante una netquest!

Premi un tasto.","¡No puedes cargar mientras estés en una aventura online!

Presiona una tecla."
"Quicksave over your quest named

'%s'?

Press Y or N.",QSPROMPT,,"Sovrascrivere il salvataggio

'%s'?

Premi Y oppure N.","Sovrascrivere il salvataggio

'%s'?

Premi Y oppure N.","¿Guardar sobre tu aventura llamada '%s'?

Presiona Y ó N."
"You can't quickload during a netquest!

Press a key.",QLOADNET,,"Non puoi fare un quickload durante una netquest!

Premi un tasto.","Non puoi fare un quickload durante una netquest!

Premi un tasto.","¡No puedes cargar una partida guardada durante una aventura online!

Presiona una tecla."
"Do you want to quickload the quest named

'%s'?

Press Y or N.",QLPROMPT,,"Vuoi fare un quickload della quest

'%s'?

Premi Y oppure N.","Vuoi fare un quickload della quest

'%s'?

Premi Y oppure N.","¿Quieres cargar la aventura llamada '%s'?

Presiona Y ó N."
"You can't start a new quest
while in a network quest.

Press a key.",CNEWGAME,,"Non puoi iniziare una nuova quest
durante una network quest.

Premi un tasto.","Non puoi iniziare una nuova quest
durante una network quest.

Premi un tasto.","No puedes iniciar una nueva aventura mientras estés en una aventura online.

Presiona una tecla."
"Careful, this will be tough.
Do you wish to continue?

Press Y or N.",CNIGHTMARE,,"Attento, sarà dura.
Vuoi continuare?

Premi Y oppure N.","Attento, sarà dura.
Vuoi continuare?

Premi Y oppure N.","Con cuidado, esto será duro.
¿Deseas continuar?

Presiona Y ó N."
"This is Chex(R) Quest. look for

future levels at www.chexquest.com.

Press a key.",CSWSTRING,,"Questo è Chex(R) Quest. cerca

i futuri livelli su www.chexquest.com

Premi un tasto.","Questo è Chex(R) Quest. cerca

i futuri livelli su www.chexquest.com

Premi un tasto.","Esto es Chex(R) Quest. Busca nuevos niveles en www.chexquest.com.

Presiona una tecla."
"You can't end a netquest!

Press a key.",NETEND,,"Non puoi terminare una netquest!

Premi un tasto.","Non puoi terminare una netquest!

Premi un tasto.","¡No puedes terminar una aventura online!

Presiona una tecla."
"Are you sure you want to end the quest?

Press Y or N.",ENDGAME,,"Sei sicuro di voler terminare la quest?

Premi Y oppure N.","Sei sicuro di voler terminare la quest?

Premi Y oppure N.","¿Estás segur@[ao_esp] que deseas terminar la aventura?

Presiona Y ó N."
Invincible Mode ON,STSTR_DQDON,,Modalità invincibile attivata,Modalità invincibile attivata,Modo invencible ACTIVADO
Invincible Mode OFF,STSTR_DQDOFF,,Modalità invincibile disattivata,Modalità invincibile disattivata,Modo invencible DESACTIVADO
Zorch Added,STSTR_FAADDED,,Zorch aggiunto,Zorch aggiunto,Zorch añadido
Super Zorch Added,STSTR_KFAADDED,,Super Zorch aggiunto,Super Zorch aggiunto,Súper Zorch añadido
... Eat Chex(R)!,STSTR_CHOPPERS,,... Mangia I Chex(R)!,... Mangia I Chex(R)!,... Come Chex(R)
Mini Zorch Charge,AMMO_CLIP,,Ricarica Mini Zorch,Ricarica Mini Zorch,Carga de Mini Zorch
Large Zorcher Charge,AMMO_SHELLS,,Ricarica Grande Zorch,Ricarica Grande Zorch,Carga de Zorcher Grande
Propulsor Charge,AMMO_ROCKETS,,Ricarica Propulsore,Ricarica Propulsore,Carga de Propulsor de Zorch
Phasing Zorcher Charge,AMMO_CELLS,,Ricarica Zorcher di Fase,Ricarica Zorcher di Fase,Carga de Zorcher de Fase
,,,,,
,,,,,
New Game,MNU_NEWGAME,,Nuova partita,Nuova partita,Nueva partida
Options,MNU_OPTIONS,,Opzioni,Opzioni,Opciones
Game Files,MNU_GAMEFILES,,File di gioco,File di gioco,Archivos del juego
Info,MNU_INFO,,Informazioni,Informazioni,Información
Quit Game,MNU_QUITGAME,,Esci dal gioco,Esci dal gioco,Salir del juego
Choose Skill Level:,MNU_CHOOSESKILL,,Livello di difficoltà:,Livello di difficoltà:,Elige nivel de dificultad:
I'm too young to die.,SKILL_BABY,,Troppo giovane per morire.,Troppo giovane per morire.,Soy muy joven para morir.
"Hey, not too rough.",SKILL_EASY,,"Ehi, non troppo duro!","Ehi, non troppo duro!","Oye, no seas tan duro."
Hurt me plenty.,SKILL_NORMAL,,Fammi molto male.,Fammi molto male.,Dame con todo.
Ultra-Violence.,SKILL_HARD,,Ultra-violenza.,Ultra-violenza.,Ultraviolencia.
Nightmare!,SKILL_NIGHTMARE,,Incubo!,Incubo!,¡Pesadilla!
Easy does it,CSKILL_BABY,,Facile no?,Facile no?,Así de fácil
Not so sticky,CSKILL_EASY,,"Non così appiccicoso
","Non così appiccicoso
",No tan pegajoso
Gobs of goo,CSKILL_NORMAL,,Sputi di sostanza,Sputi di sostanza,Montón de moco
Extreme Ooze,CSKILL_HARD,,Melma estrema,Melma estrema,Goteo extremo
Super Slimey!,CSKILL_NIGHTMARE,,Super Viscido!,Super Viscido!,¡Súper viscoso!
Training,SSKILL_BABY,,Allenamento,Allenamento,Práctica
Rookie,SSKILL_EASY,,Matricola,Matricola,Novato
Veteran,SSKILL_NORMAL,,Veterano,Veterano,Veterano
Elite,SSKILL_HARD,,,,Élite
Bloodbath,SSKILL_NIGHTMARE,,Bagno di sangue,Bagno di sangue,Baño de sangre
Thou needeth a Wet-Nurse,MNU_WETNURSE,,Necessiti di un'infermiera per neonati,Necessiti di un'infermiera per neonati,Necesitaréis una nodriza
Yellowbellies-R-Us,MNU_YELLOWBELLIES,,Codardo-tu-sei,Codardo-tu-sei,Somos pusilánimes
Bringest Them Oneth,MNU_BRINGEST,,Portali a me,Portali a me,Traédnoslos
Thou art a Smite-Meister,MNU_SMITE,,Sei un maestro assassino,Sei un maestro assassino,Sois un regicida
Black Plague Possesses Thee,MNU_BLACKPLAGUE,,La peste nera ti possiede,La peste nera ti possiede,La peste negra os posee
Squire,MNU_SQUIRE,,Scudiero,Scudiero,Escudero
Knight,MNU_KNIGHT,,Cavaliere,Cavaliere,Caballero
Warrior,MNU_WARRIOR,,Guerriero,Guerriero,Guerrero
Berserker,MNU_BERSERKER,,,,
Titan,MNU_TITAN,,Titano,Titano,Titán
Altar Boy,MNU_ALTARBOY,,Chirichetto,Chirichetto,Monaguillo
Acolyte,MNU_ACOLYTE,,Accolito,Accolito,Acólito
Priest,MNU_PRIEST,,Prete,Prete,Sacerdote
Cardinal,MNU_CARDINAL,,Cardinale,Cardinale,Cardenal
Pope,MNU_POPE,,Papa,Papa,Papa
Apprentice,MNU_APPRENTICE,,Apprendista,Apprendista,Aprendiz
Enchanter,MNU_ENCHANTER,,Incantatore,Incantatore,Encantador
Sorcerer,MNU_SORCERER,,Mago,Mago,Hechicero
Warlock,MNU_WARLOCK,,Stregone,Stregone,Brujo
Archmage,MNU_ARCHMAGE,,Arcimago,Arcimago,Archimago
Choose Class:,MNU_CHOOSECLASS,,Scegli la classe:,Scegli la classe:,Elige tu clase:
Fighter,MNU_FIGHTER,,Combattente,Combattente,Luchador
Cleric,MNU_CLERIC,,Chierico,Chierico,Clérigo
Mage,MNU_MAGE,,Mago,Mago,Mago
Random,MNU_RANDOM,,Casuale,Casuale,Al azar
Which Episode?,MNU_EPISODE,,Quale episodio?,Quale episodio?,¿Qué episodio?
Choose Campaign,MNU_EPISODE,,Scegli la campagna,Scegli la campagna,Selecciona una campaña
City of the Damned,MNU_COTD,,Città del dannato,Città del dannato,Ciudad de los condenados
Hell's Maw,MNU_HELLSMAW,,Lo Stomaco dell'Inferno,Lo Stomaco dell'Inferno,Fauces del infierno
The Dome of D'Sparil,MNU_DOME,,La Casa del D'Sparil,La Casa del D'Sparil,La Cúpula de D'Sparil
The Ossuary,MNU_OSSUARY,,L'Ossario,L'Ossario,El Osario
The Stagnant Demesne,MNU_DEMESNE,,La Proprietà terriera Stagnante,La Proprietà terriera Stagnante,La Heredad Estancada
,,,,,
Teamplay,GMPLYMNU_TEAMPLAY,,Gioco di squadra,Gioco di squadra,Juego por equipos
Team damage scalar,GMPLYMNU_TEAMDAMAGE,,Fattore danno da fuoco amico,Fattore danno da fuoco amico,Escalar de daño del equipo
Smart Autoaim,GMPLYMNU_SMARTAUTOAIM,,Mira automatica intelligente,Mira automatica intelligente,Autoapuntado inteligente
Falling damage,GMPLYMNU_FALLINGDAMAGE,,Danno da caduta,Danno da caduta,Daño por caída
Drop weapon,GMPLYMNU_DROPWEAPON,,"Arma lasciata cadere
","Arma lasciata cadere
",Arrojar arma
Double ammo,GMPLYMNU_DOUBLEAMMO,,Doppie munizioni,Doppie munizioni,Doble munición
Infinite ammo,GMPLYMNU_INFINITEAMMO,,Infinite munizioni,Infinite munizioni,Munición infinita
Infinite inventory,GMPLYMNU_INFINITEINVENTORY,,Infinito inventario,Infinito inventario,Inventario infinito
No monsters,GMPLYMNU_NOMONSTERS,,Nessun mostro,Nessun mostro,Sin monstruos
No monsters to exit,GMPLYMNU_NOMONSTERSTOEXIT,,Nessun mostro da uccidere per uscire,Nessun mostro da uccidere per uscire,Sin monstruos para salir
Monsters respawn,GMPLYMNU_MONSTERSRESPAWN,,Respawn mostri,Respawn mostri,Reaparecer enemigos
Monsters do not respawn,GMPLYMNU_NORESPAWN,,Nessun respawn,Nessun respawn,Sin reaparición
Items respawn,GMPLYMNU_ITEMSRESPAWN,,Respawn oggetti,Respawn oggetti,Reaparecer objetos
Big powerups respawn,GMPLYMNU_SUPERRESPAWN,,Respawn grandi potenziamenti,Respawn grandi potenziamenti,Reaparecer poderes grandes
Fast monsters,GMPLYMNU_FASTMONSTERS,,Mostri veloci,Mostri veloci,Monstruos rápidos
Monsters Nightmare Reflexes,GMPLYMNU_INSTANTREACTION,,,,Reflejos de los monsturos en Pesadilla
Degeneration,GMPLYMNU_DEGENERATION,,Degrado della salute,Degrado della salute,Degeneración
Allow Autoaim,GMPLYMNU_NOAUTOAIM,,Mira automatica consentita,Mira automatica consentita,Permitir autoapuntar
Allow Suicide,GMPLYMNU_ALLOWSUICIDE,,Suicidio consentito,Suicidio consentito,Permitir suicidio
Allow jump,GMPLYMNU_ALLOWJUMP,,Salto consentito,Salto consentito,Permitir salto
Allow crouch,GMPLYMNU_ALLOWCROUCH,,Abbassamento consentito,Abbassamento consentito,Permitir agacharse
Allow freelook,GMPLYMNU_ALLOWFREELOOK,,Sguardo libero consentito,Sguardo libero consentito,Permitir visión libre
Allow FOV,GMPLYMNU_ALLOWFOV,,Campo visivo consentito,Campo visivo consentito,Permitir FOV
Allow BFG aiming,GMPLYMNU_BFGFREEAIM,,Mira BFG consentita,Mira BFG consentita,Permitir apuntado de BFG
Allow automap,GMPLYMNU_ALLOWAUTOMAP,,Automap consentito,Automap consentito,Permitir automapa
Automap allies,GMPLYMNU_AUTOMAPALLIES,,Alleati nell'automap,Alleati nell'automap,Aliados en el automapa
Allow spying,GMPLYMNU_ALLOWSPYING,,Spionaggio consentita,Spionaggio consentita,Permitir espiar
Chasecam cheat,GMPLYMNU_CHASECAM,,Cheat camera di inseguimento,Cheat camera di inseguimento,Truco de vista 3era persona
Check ammo for weapon switch,GMPLYMNU_DONTCHECKAMMO,,Controlla le munizioni per il cambio arma,Controlla le munizioni per il cambio arma,Revisar munición para cambiar armas
Icon's death kills its spawns,GMPLYMNU_KILLBOSSSPAWNS,,La morte dell'Icona uccide tutti i suoi figli,La morte dell'Icona uccide tutti i suoi figli,La muerte del icono destruye sus lacayos
End sector counts for kill %,GMPLYMNU_NOCOUNTENDMONSTER,,Conteggio dei nemici da uccidere nel settore in %,Conteggio dei nemici da uccidere nel settore in %,Sector de salida cuenta para % de muertes
Deathmatch Settings,GMPLYMNU_DEATHMATCH,,Impostazioni deathmatch,Impostazioni deathmatch,Configuración modo a muerte
Weapons stay,GMPLYMNU_WEAPONSSTAY,,Le armi rimangono in posizione,Le armi rimangono in posizione,Las armas se quedan
Allow powerups,GMPLYMNU_ALLOWPOWERUPS,,Potenziamenti consentiti,Potenziamenti consentiti,Permitir poderes
Allow health,GMPLYMNU_ALLOWHEALTH,,Oggetti per la salute consentiti,Oggetti per la salute consentiti,Permitir salud
Allow armor,GMPLYMNU_ALLOWARMOR,,Armature consentite,Armature consentite,Permitir armadura
Spawn farthest,GMPLYMNU_SPAWNFARTHEST,,Spawn il più lontano possibile,Spawn il più lontano possibile,Aparecer más lejos
Same map,GMPLYMNU_SAMEMAP,,Stessa mappa,Stessa mappa,Mismo mapa
Force respawn,GMPLYMNU_FORCERESPAWN,,Forza il respawn,Forza il respawn,Forzar reaparición
Allow exit,GMPLYMNU_ALLOWEXIT,,Uscita consentita,Uscita consentita,Permitir salir
Barrels respawn,GMPLYMNU_BARRELSRESPAWN,,Respawn barili esplosivi,Respawn barili esplosivi,Reaparecer barriles
Respawn protection,GMPLYMNU_RESPAWNPROTECTION,,Protezione al respawn,Protezione al respawn,Reaparecer protección
Lose frag if fragged,GMPLYMNU_LOSEFRAG,,Perdere i frag se fraggato,Perdere i frag se fraggato,Perder baja al morir
Keep frags gained,GMPLYMNU_KEEPFRAGS,,Mantenere i frag vinti,Mantenere i frag vinti,Mantener bajas ganadas
No team switching,GMPLYMNU_NOTEAMSWITCH,,Nessun cambio di squadra,Nessun cambio di squadra,No cambiar equipos
Cooperative Settings,GMPLYMNU_COOPERATIVE,,Impostazioni cooperativa,Impostazioni cooperativa,Configuración de cooperativo
Spawn multiplayer weapons,GMPLYMNU_MULTIPLAYERWEAPONS,,Fai apparire le armi di multigiocatore,Fai apparire le armi di multigiocatore,Aparecer armas multi.
Lose entire inventory,GMPLYMNU_LOSEINVENTORY,,Perdere l'inventario,Perdere l'inventario,Perder todo el inventario
Keep keys,GMPLYMNU_KEEPKEYS,,Mantenere le chiavi,Mantenere le chiavi,Mantener llaves
Keep weapons,GMPLYMNU_KEEPWEAPONS,,Mantenere le armi,Mantenere le armi,Mantener armas
Keep armor,GMPLYMNU_KEEPARMOR,,Mantenere l'armatura,Mantenere l'armatura,Mantener armadura
Keep powerups,GMPLYMNU_KEEPPOWERUPS,,Mantenere i potenziamenti,Mantenere i potenziamenti,Mantener poderes
Keep ammo,GMPLYMNU_KEEPAMMO,,Mantenere le ammunizioni,Mantenere le ammunizioni,Mantener munición
Lose half ammo,GMPLYMNU_LOSEHALFAMMO,,Perdere metà ammunizioni,Perdere metà ammunizioni,Perder la mitad de la munición
Spawn where died,GMPLYMNU_SPAWNWHEREDIED,,Respawn nel luogo di morte,Respawn nel luogo di morte,Aparecer donde moriste
Always spawn multiplayer objects,GMPLYMNU_ALWAYSSPAWNMULTI,,Fai sempre apparire gli oggetti di multigiocatore,Fai sempre apparire gli oggetti di multigiocatore,Siempre hacer aparecer objetos en el modo multijugador
Allow Vertical Bullet Spread,GMPLYMNU_NOVERTSPREAD,,Permetti la diffusione dei proiettili in verticale,Permetti la diffusione dei proiettili in verticale,Desparramar balas de todas las armas en vertical
Weapons give extra ammo (DM),GMPLYMNU_NOEXTRAAMMO,,Le armi danno munizioni extra (DM),Le armi danno munizioni extra (DM),Las armas dan munición extra (DM)
Compatibility Options,OPTMNU_COMPATIBILITY,,Opzioni Compatibilità,Opzioni Compatibilità,Opciones de compatibilidad
Compatibility Options,CMPTMNU_TITLE,,Opzioni compatibilità,Opzioni compatibilità,Opciones de compatibilidad
Compatibility mode,CMPTMNU_MODE,,Modalità compatibilità,Modalità compatibilità,Modo de compatibilidad
Actor Behavior,CMPTMNU_ACTORBEHAVIOR,,Comportamento degli attori,Comportamento degli attori,Comportamiento del actor
Friendly monsters aren't blocked,CMPTMNU_NOBLOCKFRIENDS,,I mostri amichevoli non sono bloccati,I mostri amichevoli non sono bloccati,Monstruos amistosos no son bloqueados
Limit Pain Elementals' Lost Souls,CMPTMNU_LIMITPAIN,,Limita le Anime Erranti degli Elementali del dolore,Limita le Anime Erranti degli Elementali del dolore,Limitar Almas Errantes de los Elementales del Dolor
Monster movement is affected by effects,CMPTMNU_MBFMONSTERMOVE,,Il movimento dei mostri è affetto dagli effetti,Il movimento dei mostri è affetto dagli effetti,Los efectos afectan al movimiento de los monstruos
Monsters cannot cross dropoffs,CMPTMNU_CROSSDROPOFF,,I mostri non posso attraversare gli spigoli,I mostri non posso attraversare gli spigoli,Los monstruos no pueden cruzar declives
Monsters get stuck over dropoffs,CMPTMNU_DROPOFF,,I mostri rimangono bloccati sugli spigoli,I mostri rimangono bloccati sugli spigoli,Los monstruos se atascan sobre declives
Monsters see invisible players,CMPTMNU_INVISIBILITY,,I mostri vedono i giocatori invisibili,I mostri vedono i giocatori invisibili,Los monstruos ven jugadores invisibles
No Minotaur floor flames in water,CMPTMNU_MINOTAUR,,Niente fiamme da terra del Minotauro sull'acqua,Niente fiamme da terra del Minotauro sull'acqua,Sin llamas de minotauro en el agua
Spawn item drops on the floor,CMPTMNU_NOTOSSDROPS,,Gli oggetti allo spawn cadono a terra,Gli oggetti allo spawn cadono a terra,Aparecer objetos dejados en el suelo
DehackEd Behavior,CMPTMNU_DEHACKEDBEHAVIOR,,Comportamento DehackEd,Comportamento DehackEd,Comportamiento de DehackEd
DEH health settings like Doom2.exe,CMPTMNU_DEHHEALTH,,Impostazioni di salute DEH come in Doom2.exe,Impostazioni di salute DEH come in Doom2.exe,Configuración de salud DEH como en Doom2.exe
Original A_Mushroom speed in DEH mods,CMPTMNU_MUSHROOM,,Velocità originale di A_Mushroom nei mod DEH,Velocità originale di A_Mushroom nei mod DEH,Velocidad original de A_Mushroom en mods con DEH
Map/Action Behavior,CMPTMNU_MAPACTIONBEHAVIOR,,Comportamento Mappa/Azioni,Comportamento Mappa/Azioni,Comportamiento Mapa/Acción
All special lines can block <use>,CMPTMNU_USEBLOCKING,,Tutte le linee speciali possono bloccare il comando <usa>,Tutte le linee speciali possono bloccare il comando <usa>,Todas las líneas especiales pueden bloquear <usar>
Allow any bossdeath for level special,CMPTMNU_ANYBOSSDEATH,,"Qualunque morte del boss per le azioni speciali consentita
","Qualunque morte del boss per le azioni speciali consentita
",Permitir cualquier muerte de jefe por especial de nivel
Disable BOOM door light effect,CMPTMNU_NODOORLIGHT,,Disabilitato l'effetto Boom della luce della porta,Disabilitato l'effetto Boom della luce della porta,Desactivar efecto de luz de puerta de BOOM
Find neighboring light like Doom,CMPTMNU_LIGHT,,Trova le luci vicine come in DOOM,Trova le luci vicine come in DOOM,Encontrar luces vecinas como en Doom
Find shortest textures like Doom,CMPTMNU_SHORTTEX,,Trova le texture più piccole come in DOOM,Trova le texture più piccole come in DOOM,Encontrar texturas más cortas como en Doom
Use buggier stair building,CMPTMNU_STAIRS,,Usa la struttura a scalinate più buggata,Usa la struttura a scalinate più buggata,Usar construcción defectuosa de escaleras
Use Doom's floor motion behavior,CMPTMNU_FLOORMOVE,,Adotta il comportamento di DOOM per il movimento sul pavimento,Adotta il comportamento di DOOM per il movimento sul pavimento,Usar comportamiento de mov. del suelo de Doom
Use Doom's point-on-line algorithm,CMPTMNU_POINTONLINE,,Usa l'algoritmo del 'punto giacente sulla linea' di DOOM,Usa l'algoritmo del 'punto giacente sulla linea' di DOOM,Usar algoritmo de punto en línea de Doom
Level exit can be triggered more than once,CMPTMNU_MULTIEXIT,,L'uscita del livello può attivarsi più di una volta,L'uscita del livello può attivarsi più di una volta,La salida de nivel puede ser activada más de una vez
Physics Behavior,CMPTMNU_PHYSICSBEHAVIOR,,Comportamento della fisica,Comportamento della fisica,Comportamiento de la física
Actors are infinitely tall,CMPTMNU_NOPASSOVER,,Gli attori sono infinitamente alti,Gli attori sono infinitamente alti,Los actores son infinitamente altos
Boom scrollers are additive,CMPTMNU_BOOMSCROLL,,Le barre di scorrimento BOOM sono additivi,Le barre di scorrimento BOOM sono additivi,Los scrollers de Boom son aditivos
Cannot travel straight NSEW,CMPTMNU_BADANGLES,,Non si può viaggiare esattamente nelle direzioni cardinali,Non si può viaggiare esattamente nelle direzioni cardinali,Emular error de mal ángulo
Enable wall running,CMPTMNU_WALLRUN,,Wall running abilitata,Wall running abilitata,Activar correr por muros
Raven scrollers use original speed,CMPTMNU_RAVENSCROLL,,Le barre di scorrimento Raven usano la velocità originale,Le barre di scorrimento Raven usano la velocità originale,Los scrollers de Raven usan la velocidad original
Self ref. sectors don't block shots,CMPTMNU_TRACE,,Settori autoreferenziati non bloccano i colpi,Settori autoreferenziati non bloccano i colpi,Sectores autoreferidos no bloquean los disparos
Use Doom code for hitscan checks,CMPTMNU_HITSCAN,,Usa il codice DOOM per il controllo sugli hitscan,Usa il codice DOOM per il controllo sugli hitscan,Usar código de Doom para revisión de hitscan
Use Doom heights for missile clipping,CMPTMNU_MISSILECLIP,,Usa le altezze di DOOM per il clipping del razzo,Usa le altezze di DOOM per il clipping del razzo,Usar altura de Doom para desplazamiento de misiles
Rendering Behavior,CMPTMNU_RENDERINGBEHAVIOR,,Comportamento della grafica,Comportamento della grafica,Comportamiento de renderizado
Draw polyobjects like Hexen,CMPTMNU_POLYOBJ,,Polioggetti disegnati come Hexen,Polioggetti disegnati come Hexen,Dibujar poliobjetos como en Hexen
Ignore Y offsets on masked midtextures,CMPTMNU_MASKEDMIDTEX,,Ignora gli offset Y sulle midtexture mascherate,Ignora gli offset Y sulle midtexture mascherate,Ignorar offsets de eje Y en texturas medias enmascaradas
Invert sprite sorting,CMPTMNU_SPRITESORT,,Ordinamento sprite invertito,Ordinamento sprite invertito,Invertir ordenado de sprites
Sound Behavior,CMPTMNU_SOUNDBEHAVIOR,,Comportamento suono,Comportamento suono,Comportamiento de sonido
Cripple sound for silent BFG trick,CMPTMNU_SOUNDSLOTS,,Blocca il suono per il trucco del BFG silenzioso,Blocca il suono per il trucco del BFG silenzioso,Estropear sonido para truco de BFG silencioso
Don't let others hear your pickups,CMPTMNU_SILENTPICKUP,,Non consentire agli altri giocatori di sentire le tue raccolte,Non consentire agli altri giocatori di sentire le tue raccolte,No dejar a otros oír tus recogidas
Inst. moving floors are not silent,CMPTMNU_SILENTINSTANTFLOORS,,I pavimenti istantanei in movimento non sono silenziosi,I pavimenti istantanei in movimento non sono silenziosi,Suelos inst. movibles no son silenciosos
Sector sounds use center as source,CMPTMNU_SECTORSOUNDS,,I suoni usano il centro dei settori come punto di sorgente,I suoni usano il centro dei settori come punto di sorgente,Sonidos de sector usan el centro como fuente
Sounds stop when actor vanishes,CMPTMNU_SOUNDCUTOFF,,I suoni si fermano quando gli attori svaniscono,I suoni si fermano quando gli attori svaniscono,El sonido se detiene cuando el actor desaparece
Use original sound target handling,CMPTMNU_SOUNDTARGET,,Targeting dei suoni in base all'algoritmo originale,Targeting dei suoni in base all'algoritmo originale,Usar manejo de destino de sonido original
Scripted teleports don't trigger sector actions,CMPTMNU_TELEPORT,,I teletrasporti scriptati non attivano le azioni del settore,I teletrasporti scriptati non attivano le azioni del settore,Telepuertos por script no activan acciones del sector
Non-blocking lines can be pushed,CMPTMNU_PUSHWINDOW,,Le linee non bloccanti possono essere spinti,Le linee non bloccanti possono essere spinti,Líneas sin bloquear pueden ser presionadas
Enable buggy CheckSwitchRange behavior,CMPTMNU_CHECKSWITCHRANGE,,Abilita il comportamento buggato del CheckSwitchRange,Abilita il comportamento buggato del CheckSwitchRange,Permitir comportamiento viejo de CheckSwitchRange
Enable buggy Strife railing,CMPTMNU_RAILINGHACK,,Abilita il railing buggato di Strife,Abilita il railing buggato di Strife,Activar barandillas bugueadas de Strife
No vertical thrust from explosions,CMPTMNU_EXPLODE1,,Nessuna spinta verticale dalle esplosioni,Nessuna spinta verticale dalle esplosioni,No causar empuje vertical en explosiones
Use original Doom explosion behavior,CMPTMNU_EXPLODE2,,Usa l'originale comportamento dell'esplosione di DOOM,Usa l'originale comportamento dell'esplosione di DOOM,Usar comportamiento de explosiones del DOOM original
,,,,,
Red,PLYRMNU_RED,,Rosso,Rosso,Rojo
Green,PLYRMNU_GREEN,,Verde,Verde,Verde
Blue,PLYRMNU_BLUE,,Blu,Blu,Azul
Class,PLYRMNU_PLAYERCLASS,,Classe,Classe,Clase
Skin,PLYRMNU_PLAYERSKIN,,,,Aspecto
Switch on pickup,PLYRMNU_SWITCHONPICKUP,,Cambio d'arma quando si riceve,Cambio d'arma quando si riceve,Elegir arma al coger una
Press \cjSPACE,PLYRMNU_PRESSSPACE,,Premi \cjSPAZIO,Premi \cjSPAZIO,Presiona \cjEspacio
to see front,PLYRMNU_SEEFRONT,,per vedere avanti,per vedere avanti,para verte de frente
to see back,PLYRMNU_SEEBACK,,per vedere dietro,per vedere dietro,para verte por detrás
Vertical Bullet Spread,PLYRMNU_VERTSPREAD,,Diffusione dei proiettili in verticale,Diffusione dei proiettili in verticale,Dispersión vertical de la bala
,,,,,
,,,,,
,,,,,
,,,,,
Weapon Zoom,CNTRLMNU_ZOOM,,Zoom dell'arma,Zoom dell'arma,Zoom del arma
Weapon State 1,CNTRLMNU_USER1,,Stato dell'arma 1,Stato dell'arma 1,Estado del arma 1
Weapon State 2,CNTRLMNU_USER2,,Stato dell'arma 2,Stato dell'arma 2,Estado del arma 2
Weapon State 3,CNTRLMNU_USER3,,Stato dell'arma 3,Stato dell'arma 3,Estado del arma 3
Weapon State 4,CNTRLMNU_USER4,,Stato dell'arma 4,Stato dell'arma 4,Estado del arma 4
Fly / Swim up,CNTRLMNU_MOVEUP,,Vola / Nuota in alto,Vola / Nuota in alto,Volar/Nadar arriba
Fly / Swim down,CNTRLMNU_MOVEDOWN,,Vola / Nuota in basso,Vola / Nuota in basso,Volar/Nadar abajo
Stop flying,CNTRLMNU_LAND,,Stop al volo,Stop al volo,Dejar de volar
Keyboard look,CNTRLMNU_KEYBOARDLOOK,,Modalità vista con la tastiera,Modalità vista con la tastiera,Vista con teclado
Strife Popup Screens Controls,CNTRLMNU_POPUPS_TITLE,,Controlli Schermate popup di Strife,Controlli Schermate popup di Strife,Ventanas emergentes de Strife
Team say,CNTRLMNU_TEAMSAY,,Parla nella squadra,Parla nella squadra,Hablar al equipo
Drop item,CNTRLMNU_DROPITEM,,Fai cadere l'oggetto,Fai cadere l'oggetto,Soltar objeto
Query item,CNTRLMNU_QUERYITEM,,Indaga sull'oggetto,Indaga sull'oggetto,Consultar objeto
Drop weapon,CNTRLMNU_DROPWEAPON,,Butta l'arma,Butta l'arma,Soltar arma
,,,,,
Coop spy,CNTRLMNU_COOPSPY,,Spia cooperativa,Spia cooperativa,Espía cooperativo
Strife Popup Screens,CNTRLMNU_POPUPS,,Schermate popup di Strife,Schermate popup di Strife,Ventanas emergentes de Strife
Mission objectives,CNTRLMNU_MISSION,,Obiettivi della missione,Obiettivi della missione,Objetivos de misión
Keys list,CNTRLMNU_KEYS,,Lista delle chiavi,Lista delle chiavi,Lista de llaves
Weapons/ammo/stats,CNTRLMNU_STATS,,Armi/ammunizioni/statistiche,Armi/ammunizioni/statistiche,Armas/Munición/Estadísticas
Toggle Scoreboard,CNTRLMNU_TOGGLESCOREBOARD,,Abilita/disabilita tabella punteggio,Abilita/disabilita tabella punteggio,Alternar Marcador
Lookspring,MOUSEMNU_LOOKSPRING,,,,Mirar con ratón
Lookstrafe,MOUSEMNU_LOOKSTRAFE,,,,Mirar con movimiento
,,,,,
Background,MAPCOLORMNU_BACKCOLOR,,Sfondo,Sfondo,Fondo
You,MAPCOLORMNU_YOURCOLOR,,Tu,Tu,Tú
1-sided walls,MAPCOLORMNU_WALLCOLOR,,Muri unilaterali,Muri unilaterali,Paredes de 1 lado
2-sided walls with different floors,MAPCOLORMNU_FDWALLCOLOR,,Muri bilaterali con pavimenti diversi,Muri bilaterali con pavimenti diversi,Paredes de 2 lados con pisos distintos
2-sided walls with different ceilings,MAPCOLORMNU_CDWALLCOLOR,,Muri bilaterali con soffitti diversi,Muri bilaterali con soffitti diversi,Paredes de 2 lados con techos distintos
2-sided walls with 3D floors,MAPCOLORMNU_EFWALLCOLOR,,Muri bilaterali con 3D floor,Muri bilaterali con 3D floor,Paredes de 2 lados con suelos 3D
Map grid,MAPCOLORMNU_GRIDCOLOR,,Griglia mappa,Griglia mappa,Cuadrícula del mapa
Center point,MAPCOLORMNU_XHAIRCOLOR,,Punto centrale,Punto centrale,Punto central
Not-yet-seen walls,MAPCOLORMNU_NOTSEENCOLOR,,Muri ancora da scoprire,Muri ancora da scoprire,Paredes sin ver
Locked doors,MAPCOLORMNU_LOCKEDCOLOR,,Porte bloccate,Porte bloccate,Puertas bloqueadas
Teleporter to the same map,MAPCOLORMNU_INTRALEVELCOLOR,,Teletrasporto nella stessa mappa,Teletrasporto nella stessa mappa,Teletransporte al mismo mapa
Teleporter to a different map,MAPCOLORMNU_INTERLEVELCOLOR,,Teletrasporto in una mappa diversa,Teletrasporto in una mappa diversa,Teletransporte a un mapa diferente
Secret sector,MAPCOLORMNU_SECRETSECTORCOLOR,,Settore segreto,Settore segreto,Sector secreto
Unexplored secret,MAPCOLORMNU_UNEXPLOREDSECRETCOLOR,,Segreto non esplorato,Segreto non esplorato,Secreto sin explorar
Special trigger lines,MAPCOLORMNU_SPECIALWALLCOLOR,,Linee di attivazione speciali,Linee di attivazione speciali,Líneas especiales de activación
Cheat Mode,MAPCOLORMNU_CHEATMODE,,Modalità cheat,Modalità cheat,Modo de truco
Invisible 2-sided walls,MAPCOLORMNU_TSWALLCOLOR,,Muri invisibili bilaterali,Muri invisibili bilaterali,Paredes de 2 lados Invisibles
Secret walls,MAPCOLORMNU_SECRETWALLCOLOR,,Muri segreti,Muri segreti,Paredes secretas
Actors,MAPCOLORMNU_THINGCOLOR,,Attori,Attori,Actores
Monsters,MAPCOLORMNU_MONSTERCOLOR,,Mostri,Mostri,Monstruos
Non-counting Monsters,MAPCOLORMNU_NONCOUNTINGMONSTERCOLOR,,Mostri non contati,Mostri non contati,Monstruos no contados
Friends,MAPCOLORMNU_FRIENDCOLOR,,Amici,Amici,Amigos
Items,MAPCOLORMNU_ITEMCOLOR,,Oggetti,Oggetti,Objetos
Count Items,MAPCOLORMNU_COUNTITEMCOLOR,,Oggetti contati,Oggetti contati,Objetos contados
Overlay Mode,MAPCOLORMNU_OVERLAY,,Modalità sovrapposizione,Modalità sovrapposizione,Modo sobrepuesto
Overlay Cheat Mode,MAPCOLORMNU_OVCHEATMODE,,Modalità cheat sovrapposizione,Modalità cheat sovrapposizione,Sobreposición modo de truco
Portal Overlays,MAPCOLORMNU_PORTAL,,Sovrapposizioni del portale,Sovrapposizioni del portale,Sobreposición de portal
,,,,,
Messages,MSGMNU_TITLE,,Messaggi,Messaggi,Mensajes
Show messages,MSGMNU_SHOWMESSAGES,,Mostra messaggi,Mostra messaggi,Mostrar mensajes
Show obituaries,MSGMNU_SHOWOBITUARIES,,Mostra i necrologi,Mostra i necrologi,Mostrar obituarios
Show secret notifications,MSGMNU_SHOWSECRETS,,Mostra le notifiche dei segreti,Mostra le notifiche dei segreti,Mostrar notificación de secretos
Minimum message level,MSGMNU_MESSAGELEVEL,,Numero di messaggi minimo,Numero di messaggi minimo,Nivel mínimo de mensaje
Message Colors,MSGMNU_MESSAGECOLORS,,Colore dei messaggi,Colore dei messaggi,Colores de los mensajes
Item Pickup,MSGMNU_ITEMPICKUP,,Raccolta oggetti,Raccolta oggetti,Coger objetos
Obituaries,MSGMNU_OBITUARIES,,Necrologi,Necrologi,Obituarios
Critical Messages,MSGMNU_CRITICALMESSAGES,,Messaggi critici,Messaggi critici,Mensajes críticos
Chat Messages,MSGMNU_CHATMESSAGES,,Messaggi chat,Messaggi chat,Mensajes del chat
Team Messages,MSGMNU_TEAMMESSAGES,,Messaggi chat di squadra,Messaggi chat di squadra,Mensajes del equipo
Centered Messages,MSGMNU_CENTEREDMESSAGES,,Messaggi centrati,Messaggi centrati,Mensajes centrados
Screenshot messages,MSGMNU_SCREENSHOTMESSAGES,,Messaggi di cattura schermo,Messaggi di cattura schermo,Mensajes de captura de pantalla
Detailed save messages,MSGMNU_LONGSAVEMESSAGES,,Messaggi sui dettagli di salvataggio,Messaggi sui dettagli di salvataggio,Mensajes detallados de guardado
Developer message mode,MSGMNU_DEVELOPER,,Modalità messaggi per sviluppatore,Modalità messaggi per sviluppatore,Modo de mensajes de desarrollador
,,,,,
Map color set,AUTOMAPMNU_COLORSET,,Colori della mappa,Colori della mappa,Definir colores
Allow map defined colors,AUTOMAPMNU_CUSTOMCOLORS,,Consenti i colori definiti dalla mappa,Consenti i colori definiti dalla mappa,Permitir colores definidos
Set custom colors,AUTOMAPMNU_SETCUSTOMCOLORS,,Modifica i colori personalizzati,Modifica i colori personalizzati,Fijar colores personalizados
Customize map controls,AUTOMAPMNU_CONTROLS,,Personalizza i controlli mappa,Personalizza i controlli mappa,Personalizar controles del mapa
Overlay automap,AUTOMAPMNU_OVERLAY,,Copri l'automappa,Copri l'automappa,Superponer automapa
Enable textured display,AUTOMAPMNU_TEXTURED,,Abilita la mostra texture,Abilita la mostra texture,Mostrar automapa texturizado
Show item counts,AUTOMAPMNU_SHOWITEMS,,Mostra il conteggio degli oggetti,Mostra il conteggio degli oggetti,Mostrar conteo de objetos
Show monster counts,AUTOMAPMNU_SHOWMONSTERS,,Mostra il conteggio dei mostri,Mostra il conteggio dei mostri,Mostrar conteo de monstruos
Show secret counts,AUTOMAPMNU_SHOWSECRETS,,Mostra il conteggio dei segreti,Mostra il conteggio dei segreti,Mostrar conteo de secretos
Show time elapsed,AUTOMAPMNU_SHOWTIME,,Mostra il tempo trascorso,Mostra il tempo trascorso,Mostrar tiempo transcurrido
Show total time elapsed,AUTOMAPMNU_SHOWTOTALTIME,,Mostra il tempo totale trascorso,Mostra il tempo totale trascorso,Mostrar tiempo total transc.
Show secrets on map,AUTOMAPMNU_MAPSECRETS,,Mostra i segreti nella mappa,Mostra i segreti nella mappa,Mostrar secretos en el mapa
Show map label,AUTOMAPMNU_SHOWMAPLABEL,,Mostra le etichette della mappa,Mostra le etichette della mappa,Mostrar etiqueta del mapa
Draw map background,AUTOMAPMNU_DRAWMAPBACK,,Mostra lo sfondo della mappa,Mostra lo sfondo della mappa,Dibujar fondo de mapa
Show keys (cheat),AUTOMAPMNU_SHOWKEYS,,Mostra le chiavi (cheat),Mostra le chiavi (cheat),Mostrar llaves (truco)
Show trigger lines,AUTOMAPMNU_SHOWTRIGGERLINES,,Mostra le linee d'attivazione,Mostra le linee d'attivazione,Mostrar líneas de activación
Show things as sprites,AUTOMAPMNU_SHOWTHINGSPRITES,,Mostra gli oggetti come sprite,Mostra gli oggetti come sprite,Mostrar cosas como sprites
Overlay portals,AUTOMAPMNU_PTOVERLAY,,Sovrapponi i portali,Sovrapponi i portali,Sobreponer portales
Empty space margin,AUTOMAPMNU_EMPTYSPACEMARGIN,,Margine dello spazio vuoto,Margine dello spazio vuoto,Margen de espacio vacío
Mark font,AUTOMAPMNU_MARKFONT,,Font del segnaposto,Font del segnaposto,Fuente para marcas
Mark color,AUTOMAPMNU_MARKCOLOR,,Colore del segnaposto,Colore del segnaposto,Color de las marcas
Set mark,MAPCNTRLMNU_SETMARK,,Aggiungi segnaposto,Aggiungi segnaposto,Fijar marca
Clear mark,MAPCNTRLMNU_CLEARMARK,,Pulisci il segnaposto,Pulisci il segnaposto,Limpiar marca
,,,,,
Scoreboard Options,DSPLYMNU_SCOREBOARD,,Opzioni tabella punteggio,Opzioni tabella punteggio,Opciones de marcador
Scoreboard Options,SCRBRDMNU_TITLE,,Opzioni per la tabella punteggio,Opzioni per la tabella punteggio,Opciones de marcador
Cooperative Options,SCRBRDMNU_COOPERATIVE,,Opzioni per il gioco cooperativo,Opzioni per il gioco cooperativo,Opciones de cooperativo
Enable Scoreboard,SCRBRDMNU_ENABLE,,Abilita la tabella punteggio,Abilita la tabella punteggio,Activar marcador
Header Color,SCRBRDMNU_HEADERCOLOR,,Colore della testata,Colore della testata,Color de cabecera
Your Player Color,SCRBRDMNU_YOURCOLOR,,Colore del giocatore 'Tu',Colore del giocatore 'Tu',Color de tu jugador
Other Players' Color,SCRBRDMNU_OTHERPLAYERCOLOR,,Colore degli altri giocatori,Colore degli altri giocatori,Color de otros jugadores
Deathmatch Options,SCRBRDMNU_DEATHMATCH,,Opzioni deathmatch,Opzioni deathmatch,Opciones modo a muerte
Team Deathmatch Options,SCRBRDMNU_TEAMDEATHMATCH,,Opzioni deathmatch a squadra,Opzioni deathmatch a squadra,Opciones modo a muerte por equipos
,,,,,
Alternative HUD,ALTHUDMNU_TITLE,,HUD alternativo,HUD alternativo,HUD alternativo
Enable alternative HUD,ALTHUDMNU_ENABLE,,Abilita HUD alternativo,Abilita HUD alternativo,Activar HUD alternativo
Show secret count,ALTHUDMNU_SHOWSECRETS,,Mostra il conteggio dei segreti,Mostra il conteggio dei segreti,Mostrar cont. de secretos
Show monster count,ALTHUDMNU_SHOWMONSTERS,,Mostra il conteggio dei mostri,Mostra il conteggio dei mostri,Mostrar cont. de monstruos
Show item count,ALTHUDMNU_SHOWITEMS,,Mostra il conteggio degli oggetti,Mostra il conteggio degli oggetti,Mostrar cont. de objetos
Show stamina and accuracy,ALTHUDMNU_SHOWSTATS,,Mostra stamina e accuratezza,Mostra stamina e accuratezza,Mostrar resistencia/precisión
Show berserk,ALTHUDMNU_SHOWBERSERK,,Mostra il berserk,Mostra il berserk,Mostrar berserker
Show weapons,ALTHUDMNU_SHOWWEAPONS,,Mostra le armi,Mostra le armi,Mostrar armas
Show ammo for,ALTHUDMNU_SHOWAMMO,,Mostra le munizioni per,Mostra le munizioni per,Mostrar munición para
Show time,ALTHUDMNU_SHOWTIME,,Mostra il tempo,Mostra il tempo,Mostrar tiempo
Time color,ALTHUDMNU_TIMECOLOR,,Colore del tempo,Colore del tempo,Color del tiempo
Show network latency,ALTHUDMNU_SHOWLAG,,Mostra la latenza del network,Mostra la latenza del network,Mostrar latencia de red
Ammo display order,ALTHUDMNU_AMMOORDER,,Ordine mostra delle munizioni,Ordine mostra delle munizioni,Orden vista de munición
Red ammo display below %,ALTHUDMNU_AMMORED,,Contatore delle munizioni di colore rosso sotto,Contatore delle munizioni di colore rosso sotto,Porcent. de munición en rojo
Yellow ammo display below %,ALTHUDMNU_AMMOYELLOW,,Contatore delle munizioni di colore giallo sotto,Contatore delle munizioni di colore giallo sotto,Porcent. de munición en amarillo
Red health display below,ALTHUDMNU_HEALTHRED,,Contatore della salute di colore rosso sotto,Contatore della salute di colore rosso sotto,Porcent. de salud en rojo
Yellow health display below,ALTHUDMNU_HEALTHYELLOW,,Contatore della salute di colore giallo sotto,Contatore della salute di colore giallo sotto,Porcent. de salud en amarillo
Green health display below,ALTHUDMNU_HEALTHGREEN,,Contatore della salute di colore verde sotto,Contatore della salute di colore verde sotto,Porcent. de salud en verde
Red armor display below,ALTHUDMNU_ARMORRED,,Contatore dell'armatura di colore rosso sotto,Contatore dell'armatura di colore rosso sotto,Porcent. de blindaje en rojo
Yellow armor display below,ALTHUDMNU_ARMORYELLOW,,Contatore dell'armatura di colore giallo sotto,Contatore dell'armatura di colore giallo sotto,Porcent. de blindaje en amarillo
Green armor display below,ALTHUDMNU_ARMORGREEN,,Contatore dell'armatura di colore verde sotto,Contatore dell'armatura di colore verde sotto,Porcent. de blindaje en verde
Alternative Automap HUD,ALTHUDMNU_AUTOMAPHUD,,HUD automappa alternativo,HUD automappa alternativo,HUD alternativo del automapa
Map title color,ALTHUDMNU_TITLECOLOR,,Colore titolo mappa,Colore titolo mappa,Color del título del mapa
Map time color,ALTHUDMNU_MAPTIMECOLOR,,Colore tempo mappa,Colore tempo mappa,Color del tiempo del mapa
Hub time color,ALTHUDMNU_HUBTIMECOLOR,,Colore tempo hub di mappe,Colore tempo hub di mappe,Color del tiempo del nodo
Total time color,ALTHUDMNU_TOTALTIMECOLOR,,Colore tempo totale,Colore tempo totale,Color del tiempo total
Coordinate color,ALTHUDMNU_COORDINATECOLOR,,Colore coordinate,Colore coordinate,Color de coordenadas
Coordinate mode,ALTHUDMNU_COORDINATEMODE,,Modalità coordinate,Modalità coordinate,Modo de coordenadas
Statistics name color,ALTHUDMNU_STATSNAMECOLOR,,Colore nome statistica,Colore nome statistica,Color del nombre de estadísticas
Statistics color,ALTHUDMNU_STATSCOLOR,,Colore contatore statistica,Colore contatore statistica,Color de las estadísticas
,,,,,
Rendering Interpolation,DSPLYMNU_CAPFPS,,Interpolazione grafica,Interpolazione grafica,Interpolación de renderizado
Transparency render mode,DSPLYMNU_BLENDMETHOD,,Modalità della resa grafica della trasparenza,Modalità della resa grafica della trasparenza,Modo de renderizado de transparencia
Screen wipe style,DSPLYMNU_WIPETYPE,,Stile della pulizia dello schermo,Stile della pulizia dello schermo,Transición de pantalla
Show ENDOOM screen,DSPLYMNU_SHOWENDOOM,,Mostra la schermata ENDOOM,Mostra la schermata ENDOOM,Mostrar pantalla ENDOOM
Blood Flash Intensity,DSPLYMNU_BLOODFADE,,Intensità Bagliore Sangue,Intensità Bagliore Sangue,Intensidad del destello al ser atacado
Pickup Flash Intensity,DSPLYMNU_PICKUPFADE,,Intensità Bagliore Raccolta,Intensità Bagliore Raccolta,Intensidad del destello al coger algo
Underwater Blend Intensity,DSPLYMNU_WATERFADE,,Intensità Blend sott'acqua,Intensità Blend sott'acqua,Intensidad Color Sumergido
Sky render mode,DSPLYMNU_SKYMODE,,Modalità resa grafica del cielo,Modalità resa grafica del cielo,Modo de renderizado del cielo
Linear skies,DSPLYMNU_LINEARSKY,,Cieli lineari,Cieli lineari,Cielo lineal
Fullbright overrides sector color,DSPLYMNU_GZDFULLBRIGHT,,Luce piena sovrappone il colore del settore,Luce piena sovrappone il colore del settore,Brillo máximo anula color del sector
Scale fuzz effect,DSPLYMNU_SCALEFUZZ,,Scala l'effetto di fuzz,Scala l'effetto di fuzz,Escala de efecto fuzz
Use fuzz effect,DSPLYMNU_DRAWFUZZ,,Usa l'effetto di fuzz,Usa l'effetto di fuzz,Usar efecto fuzz
Classic Transparency,DSPLYMNU_OLDTRANS,,Trasparenza classica,Trasparenza classica,Transparencia clásica
Lost Soul translucency,DSPLYMNU_TRANSSOUL,,Trasparenza anima errante,Trasparenza anima errante,Traslucidez del Alma Errante
Use fake contrast,DSPLYMNU_FAKECONTRAST,,Usa il falso contrasto,Usa il falso contrasto,Usar falso contraste
Rocket Trails,DSPLYMNU_ROCKETTRAILS,,Scia del razzo,Scia del razzo,Rastro de cohetes
Blood Type,DSPLYMNU_BLOODTYPE,,Tipo di sangue,Tipo di sangue,Sangre chorreando
Bullet Puff Type,DSPLYMNU_PUFFTYPE,,Tipo di sbuffo del proiettile,Tipo di sbuffo del proiettile,Polvo por impacto de bala
,,,,,
,,,,,
Show player sprites,DSPLYMNU_PLAYERSPRITES,,Mostra gli sprite del giocatore,Mostra gli sprite del giocatore,Mostrar «sprites» del jugador
Death camera,DSPLYMNU_DEATHCAM,,Telecamera all'atto della morte,Telecamera all'atto della morte,Muerte del jugador en tercera persona
Teleporter zoom,DSPLYMNU_TELEZOOM,,Zoom telecamera,Zoom telecamera,Zoom en teletransporte
Earthquake shake intensity,DSPLYMNU_QUAKEINTENSITY,,Intensità vibrazione terremoto,Intensità vibrazione terremoto,Intensidad del terremoto
Interpolate monster movement,DSPLYMNU_NOMONSTERINTERPOLATION,,Interpola il movimento dei mostri,Interpola il movimento dei mostri,Interpolar movimiento de los monstruos
Menu dim,DSPLYMNU_MENUDIM,,Offuscamento menu,Offuscamento menu,Atenuación del menú
Dim color,DSPLYMNU_DIMCOLOR,,Colore offuscamento,Colore offuscamento,Color de la atenuación
View bob amount while moving,DSPLYMNU_MOVEBOB,,Ammontare di bob di movimento,Ammontare di bob di movimento,Cantidad de balanceo al moverse
View bob amount while not moving,DSPLYMNU_STILLBOB,,Ammontare di bob di movimento da fermo,Ammontare di bob di movimento da fermo,Cantidad de balanceo al no moverse
Weapon bob speed,DSPLYMNU_BOBSPEED,,Velocità di bob dell'arma,Velocità di bob dell'arma,Velocidad de balanceo de Arma
,,,,,
Scaling Options,SCALEMNU_TITLE,,Opzioni di scala,Opzioni di scala,Opciones de escalado
Overrides for above setting,SCALEMNU_OVERRIDE,,Sovrascritture per i settaggi sopra,Sovrascritture per i settaggi sopra,Anular ajuste anterior
Messages,SCALEMNU_MESSAGES,,Messaggi,Messaggi,Mensajes
Console,SCALEMNU_CONSOLE,,,,Consola
Status bar,SCALEMNU_STATBAR,,Barra di stato,Barra di stato,Barra de estado
Fullscreen HUD,SCALEMNU_HUD,,HUD a pieno schermo,HUD a pieno schermo,HUD de pantalla completa
Alternative HUD,SCALEMNU_ALTHUD,,HUD alternativo,HUD alternativo,HUD alternativo
HUD preserves aspect ratio,SCALEMNU_HUDASPECT,,HUD preserva le proporzioni,HUD preserva le proporzioni,HUD conserva la rel. de aspecto
Use default scale,SCALEMNU_USEUI,,Usa la scala di default,Usa la scala di default,Usar escalado por defecto
Scale to fullscreen,SCALEMNU_USEFS,,Scala a pieno schermo,Scala a pieno schermo,Escalar a pant. completa
Adapt to screen size,SCALEMNU_ADAPT,,Adatta alla dimensione della schermata,Adatta alla dimensione della schermata,Adaptar al tamaño de pantalla
,,,,,
HUD Options,HUDMNU_TITLE,,Opzioni HUD,Opzioni HUD,Opciones del HUD
Alternative HUD,HUDMNU_ALTHUD,,HUD alternativo,HUD alternativo,HUD alternativo
Message Options,HUDMNU_MESSAGE,,Opzioni messaggi,Opzioni messaggi,Opciones de mensajes
User interface scale,HUDMNU_UISCALE,,Scala l'interfaccia utente,Scala l'interfaccia utente,Escala de la interfaz de usuario
Force default crosshair,HUDMNU_FORCECROSSHAIR,,Forza il mirino di default,Forza il mirino di default,Forzar retícula por defecto
Grow crosshair when picking up items,HUDMNU_GROWCROSSHAIR,,Accresci il mirino quando si raccolgono oggetti,Accresci il mirino quando si raccolgono oggetti,Aumentar retícula al obtener obj.
Display nametags,HUDMNU_NAMETAGS,,Mostra le targhette identificative,Mostra le targhette identificative,Mostrar etiquetas
Nametag color,HUDMNU_NAMETAGCOLOR,,Colore targhetta identificativa,Colore targhetta identificativa,Color de las etiquetas
Use old ouch mug shot formula,HUDMNU_OLDOUCH,,Mostra la formula originale del viso 'ouch',Mostra la formula originale del viso 'ouch',Usar formula antigua de foto de daño
Hexen weapon flashes,HUDMNU_HEXENFLASHES,,Bagliori armi Hexen,Bagliori armi Hexen,Destello armas Hexen
Poison damage flashes,HUDMNU_POISONFLASHES,,Bagliori danno da veleno,Bagliori danno da veleno,Destello daño por veneno
Ice death flashes,HUDMNU_ICEFLASHES,,Bagliori morte da ghiaccio,Bagliori morte da ghiaccio,Destello muerte por hielo
Poison Buildup flashes,HUDMNU_HAZARDFLASHES,,Bagliori danno accumulato da veleno,Bagliori danno accumulato da veleno,Destello acumulación de veneno
Scaling Options,HUDMNU_SCALEOPT,,Opzioni di scala,Opzioni di scala,Opciones de escalado
Show IWAD selection dialog,MISCMNU_QUERYIWAD,,Mostra la schermata della selezione IWAD,Mostra la schermata della selezione IWAD,Mostrar diálogo de selección de IWAD
Enable cheats from all games,MISCMNU_ALLCHEATS,,Abilita tutti i cheat da tutti i giochi,Abilita tutti i cheat da tutti i giochi,Activar trucos de todos los juegos
,,,,,
Enable making screenshots by scripts,MISCMNU_ENABLESCRIPTSCREENSHOTS,,Abilita la cattura dello schermo tramite scripts,Abilita la cattura dello schermo tramite scripts,Habilitar captura de pantalla por scripts
Load *.deh/*.bex lumps,MISCMNU_DEHLOAD,,Carica i lump *.deh/*.bex,Carica i lump *.deh/*.bex,Cargar archivos *.deh/*.bex
Cache nodes,MISCMNU_CACHENODES,,Cache dei nodi,Cache dei nodi,Caché de nodos
Time threshold for node caching,MISCMNU_CACHETIME,,Soglia di tempo per il caching dei nodi,Soglia di tempo per il caching dei nodi,Umbral de tiempo para caché de nodos
Clear node cache,MISCMNU_CLEARNODECACHE,,Pulisci la cache dei nodi,Pulisci la cache dei nodi,Limpiar Caché de nodos
Allow skipping of intermission scrollers,MISCMNU_INTERSCROLL,,Consenti di saltare gli scorrimenti delle intermissioni,Consenti di saltare gli scorrimenti delle intermissioni,Permitir omisión de intermedios
Network Options,NETMNU_TITLE,,Opzioni network,Opzioni network,Opciones de Red
Local options,NETMNU_LOCALOPTIONS,,Opzioni locali,Opzioni locali,Opciones locales
Movement prediction,NETMNU_MOVEPREDICTION,,Predizione movimenti,Predizione movimenti,Predicción de Movimiento
Predict line actions,NETMNU_LINESPECIALPREDICTION,,Predizione azioni di linea,Predizione azioni di linea,Predecir acciones de línea
Prediction Lerp Scale,NETMNU_PREDICTIONLERPSCALE,,Scala Lerp predizione,Scala Lerp predizione,Escala de interp. lineal de predicción
Lerp Threshold,NETMNU_LERPTHRESHOLD,,Soglia Lerp,Soglia Lerp,Umbral de interp. lineal
Host options,NETMNU_HOSTOPTIONS,,Opzioni ospitante,Opzioni ospitante,Opciones de Host
Extra Tics,NETMNU_EXTRATICS,,Tics extra,Tics extra,Tics Extra
Latency balancing,NETMNU_TICBALANCE,,Bilanciamento latenza,Bilanciamento latenza,Balanceo de latencia
Original,OPTVAL_ORIGINAL,,Originale,Originale,
Optimized,OPTVAL_OPTIMIZED,,Ottimizzato,Ottimizzato,Optimizado
Classic (Faster),OPTVAL_CLASSIC,,Classico (più veloce),Classico (più veloce),Clásico (Más rápido)
Precise,OPTVAL_PRECISE,,Preciso,Preciso,Preciso
Capped,OPTVAL_CAPPED,,Limitato,Limitato,Limitado
Particles,OPTVAL_PARTICLES,,Particelle,Particelle,Partículas
Sprites,OPTVAL_SPRITES,,Sprite,Sprite,
Sprites & Particles,OPTVAL_SPRITESPARTICLES,,Sprite e particelle,Sprite e particelle,Sprites y partículas
Melt,OPTVAL_MELT,,Scioglimento,Scioglimento,Derretir
Burn,OPTVAL_BURN,,Bruciamento,Bruciamento,Quemar
Crossfade,OPTVAL_CROSSFADE,,Dissolvenza a croce,Dissolvenza a croce,Entrelazar
Smooth,OPTVAL_SMOOTH_1,,Liscio,Liscio,Fluido
Smooth,OPTVAL_SMOOTH_2,,Liscio,Liscio,Fluido
Translucent,OPTVAL_TRANSLUCENT,,Traslucido,Traslucido,Translúcido
Fuzz,OPTVAL_FUZZ,,Annebbiato,Annebbiato,Borroso
Shadow,OPTVAL_SHADOW,,Ombra,Ombra,Sombra
Items,OPTVAL_ITEMS,,Oggetti,Oggetti,Objetos
Weapons,OPTVAL_WEAPONS,,Armi,Armi,Armas
Both,OPTVAL_BOTH,,Entrambi,Entrambi,Ambos
ZDoom,OPTVAL_ZDOOM,,,,
Strife,OPTVAL_STRIFE,,,,
Player,OPTVAL_PLAYER,,Giocatore,Giocatore,Jugador
Map,OPTVAL_MAP,,Mappa,Mappa,Mapa
Scale to 640x400,OPTVAL_SCALETO640X400,,Scala a 640x400,Scala a 640x400,Escalar a 640x400
Pixel double,OPTVAL_PIXELDOUBLE,,Pixel doppi,Pixel doppi,Pixel doble
Pixel quadruple,OPTVAL_PIXELQUADRUPLE,,Pixel quadrupli,Pixel quadrupli,Pixel cuádruple
Current weapon,OPTVAL_CURRENTWEAPON,,Arma corrente,Arma corrente,Arma actual
Available weapons,OPTVAL_AVAILABLEWEAPONS,,Armi disponibili,Armi disponibili,Armas disponibles
All weapons,OPTVAL_ALLWEAPONS,,Tutte le armi,Tutte le armi,Todas las armas
"Level, milliseconds",OPTVAL_LEVELMILLISECONDS,,"Livello, millisecondi","Livello, millisecondi","Nivel, milisegundos"
"Level, seconds",OPTVAL_LEVELSECONDS,,"Livello, secondi","Livello, secondi","Nivel, segundos"
Level,OPTVAL_LEVEL,,Livello,Livello,Nivel
"Hub, seconds",OPTVAL_HUBSECONDS,,"Hub, secondi","Hub, secondi","Hub, segundos"
Hub,OPTVAL_HUB,,,,
"Total, seconds",OPTVAL_TOTALSECONDS,,"Totale, secondi","Totale, secondi","Total, segundos"
Total,OPTVAL_TOTAL,,Totale,Totale,
"System, seconds",OPTVAL_SYSTEMSECONDS,,"Sistema, secondi","Sistema, secondi","Sistema, segundos"
System,OPTVAL_SYSTEM,,Sistema,Sistema,Sistema
Netgames only,OPTVAL_NETGAMESONLY,,Solo giochi net,Solo giochi net,Solo para juegos en red
Image and Text,OPTVAL_AMMOIMAGETEXT,,Immagini e testo,Immagini e testo,Imagen y texto
Text and Image,OPTVAL_AMMOTEXTIMAGE,,Testo e immagini,Testo e immagini,Texto e imagen
Scripts Only,OPTVAL_SCRIPTSONLY,,Solo script,Solo script,Solo scripts
All,OPTVAL_ALL,,Tutti,Tutti,Todos
Only last one,OPTVAL_ONLYLASTONE,,Solo l'ultimo,Solo l'ultimo,Solo el último
Traditional Doom,OPTVAL_TRADITIONALDOOM,,DOOM tradizionale,DOOM tradizionale,Doom tradicional
Traditional Strife,OPTVAL_TRADITIONALSTRIFE,,Strife tradizionale,Strife tradizionale,Strife tradicional
Traditional Raven,OPTVAL_TRADITIONALRAVEN,,Raven tradizionale,Raven tradizionale,Raven tradicional
Only when found,OPTVAL_ONLYWHENFOUND,,Solo quando trovato,Solo quando trovato,Una vez encontrados
On for overlay only,OPTVAL_ONFOROVERLAYONLY,,Solo attivo per la sovrapposizione,Solo attivo per la sovrapposizione,Solo para superpuesto
Overlay+Normal,OPTVAL_OVERLAYNORMAL,,Sovrapposizione+Normale,Sovrapposizione+Normale,Superpuesto+Normal
Overlay Only,OPTVAL_OVERLAYONLY,,Solo Sovrapposizione,Solo Sovrapposizione,Solo superpuesto
Not for hubs,OPTVAL_NOTFORHUBS,,Non per gli hub,Non per gli hub,No para hubs
Front,OPTVAL_FRONT,,Fronte,Fronte,Frontal
Animated,OPTVAL_ANIMATED,,Animato,Animato,Animado
Rotated,OPTVAL_ROTATED,,Ruotato,Ruotato,Rotado
Map defined colors only,OPTVAL_MAPDEFINEDCOLORSONLY,,Solo i colori definiti dalla mappa,Solo i colori definiti dalla mappa,Colores definidos por el usuario
All except doors,OPTVAL_NODOORS,,Tutti eccetto le porte,Tutti eccetto le porte,Todo excepto puertas
Double,OPTVAL_DOUBLE,,Doppio,Doppio,Doble
Triple,OPTVAL_TRIPLE,,Triplo,Triplo,
Quadruple,OPTVAL_QUADRUPLE,,Quadruplo,Quadruplo,Cuádruple
Item Pickup,OPTVAL_ITEMPICKUP,,Raccolta oggetto,Raccolta oggetto,Coger objetos
Obituaries,OPTVAL_OBITUARIES,,Necrologio,Necrologio,Obituarios
Critical Messages,OPTVAL_CRITICALMESSAGES,,Messaggi critici,Messaggi critici,Mensajes críticos
Never friends,OPTVAL_NEVERFRIENDS,,Mai amici,Mai amici,Nunca amigos
Only monsters,OPTVAL_ONLYMONSTERS,,Solo i mostri,Solo i mostri,Solo monstruos
Hexen,OPTVAL_HEXEN,,,,
Old,OPTVAL_OLD,,Vecchio,Vecchio,Viejo
Doom,OPTVAL_DOOM,,,,
Doom (strict),OPTVAL_DOOMSTRICT,,Doom (rigoroso),Doom (rigoroso),Doom (estricto)
Boom,OPTVAL_BOOM,,,,
Boom (strict),OPTVAL_BOOMSTRICT,,Boom (rigoroso),Boom (rigoroso),Boom (estricto)
MBF,OPTVAL_MBF,,,,
MBF (strict),OPTVAL_MBFSTRICT,,MBF (rigoroso),MBF (rigoroso),MBF (estricto)
MBF21,OPTVAL_MBF21,,,,
MBF21 (strict),OPTVAL_MBF21STRICT,,MBF21 (rigoroso),MBF21 (rigoroso),MBF21 (estricto)
ZDoom 2.0.63,OPTVAL_ZDOOM2063,,,,
All unacknowledged,OPTVAL_ALLUNACKNOWLEDGED,,Tutti non riconosciuti,Tutti non riconosciuti,Todos no reconocidos
Errors,OPTVAL_ERRORS,,Errori,Errori,Errores
Warnings,OPTVAL_WARNINGS,,Avvisi,Avvisi,Advertencias
Notifications,OPTVAL_NOTIFICATIONS,,Notifiche,Notifiche,Notificaciones
Everything,OPTVAL_EVERYTHING,,Tutti,Tutti,Todo
Hardware accelerated,OPTVAL_HWPOLY,,Accelerazione Hardware,Accelerazione Hardware,Acelerado por «hardware»
Doom Software Renderer,OPTVAL_SWDOOM,,Rendering DOOM software,Rendering DOOM software,Renderizado por «software» de Doom
True Color SW Renderer,OPTVAL_SWDOOMTC,,Rendering software a pieni colori,Rendering software a pieni colori,Renderizado Truecolor (color verdadero) del «software»
High-Performance,OPTVAL_DEDICATED,,Prestazioni massime,Prestazioni massime,Alto rendimiento
Power-Saving,OPTVAL_INTEGRATED,,Risparmio energetico,Risparmio energetico,Ahorro de energía
Vanilla,OPTVAL_VANILLA,,,,
ZDoom (Forced),OPTVAL_VTFZDOOM,,ZDoom (forzato),ZDoom (forzato),ZDoom (forzado)
Vanilla (Forced),OPTVAL_VTFVANILLA,,Vanilla (forzato),Vanilla (forzato),Vanilla (forzado)
Auto (ZDoom Preferred),OPTVAL_VTAZDOOM,,Automatico (ZDoom preferito),Automatico (ZDoom preferito),Automático (preferido por ZDoom)
Auto (Vanilla Preferred),OPTVAL_VTAVANILLA,,Automatico (Vanilla preferito),Automatico (Vanilla preferito),Automático (preferido por Vanilla)
Small,OPTVAL_SMALL,,Piccolo,Piccolo,Pequeño
Large,OPTVAL_LARGE,,Grande,Grande,Grande
Console,OPTVAL_CONSOLE,,,,Consola
\caBrick,C_BRICK,,\camattone,\camattone,\caLadrillo
\cbTan,C_TAN,,\cbabbronzatura,\cbabbronzatura,\cbBeis
\ccGray,C_GRAY,,\ccgrigio,\ccgrigio,\ccGris
\cdGreen,C_GREEN,,\cdverde,\cdverde,\cdVerde
\ceBrown,C_BROWN,,\cemarrone,\cemarrone,\ceMarrón
\cfGold,C_GOLD,,\cforo,\cforo,\cfDorado
\cgRed,C_RED,,\cgrosso,\cgrosso,\cgRojo
\chBlue,C_BLUE,,\chblu,\chblu,\chAzul
\ciOrange,C_ORANGE,,\ciarancione,\ciarancione,\ciNaranja
\cjWhite,C_WHITE,,\cjbianco,\cjbianco,\cjBlanco
\ckYellow,C_YELLOW,,\ckgiallo,\ckgiallo,\ckAmarillo
\clDefault,C_DEFAULT,,\cldefault,\cldefault,\clPor defecto
\cmBlack,C_BLACK,,\cmnero,\cmnero,\cmNegro
\cnLight blue,C_LIGHTBLUE,,\cnblu chiaro,\cnblu chiaro,\cnAzul claro
\coCream,C_CREAM,,\cocrema,\cocrema,\coCrema
\cpOlive,C_OLIVE,,\cpoliva,\cpoliva,\cpOliva
\cqDark green,C_DARKGREEN,,\cqverde scuro,\cqverde scuro,\cqVerde oscuro
\crDark red,C_DARKRED,,\crrosso scuro,\crrosso scuro,\crRojo oscuro
\csDark brown,C_DARKBROWN,,\csmarrone scuro,\csmarrone scuro,\csMarrón oscuro
\ctPurple,C_PURPLE,,\ctviola,\ctviola,\ctMorado
\cuDark gray,C_DARKGRAY,,\cugrigio scuro,\cugrigio scuro,\cuGris oscuro
\cvCyan,C_CYAN,,\cvciano,\cvciano,\cvCian
\cwIce,C_ICE,,\cwghiaccio,\cwghiaccio,\cwHielo
\cxFire,C_FIRE,,\cxfuoco,\cxfuoco,\cxFuego
\cySapphire,C_SAPPHIRE,,\cyzaffiro,\cyzaffiro,\cyZafiro
\czTeal,C_TEAL,,\czverde acqua,\czverde acqua,\czTurquesa
Heretic,OPTSTR_HERETIC,,,,
Chex,OPTSTR_CHEX,,,,
No Sound,OPTSTR_NOSOUND,,Nessun suono,Nessun suono,Sin sonido
No interpolation,OPTSTR_NOINTERPOLATION,,No interpolazione,No interpolazione,Sin interpolación
Spline,OPTSTR_SPLINE,,,,
OpenAL,OPTSTR_OPENAL,,,,
Hardware Renderer,DSPLYMNU_GLOPT,,Rendering Hardware,Rendering Hardware,Renderizado por «hardware»
Software Renderer,DSPLYMNU_SWOPT,,Rendering Software,Rendering Software,Renderizado por «software»
Hardware Rendering Options,GLMNU_TITLE,,Opzioni OpenGL,Opzioni OpenGL,Opciones de OpenGL
Dynamic Light Options,GLMNU_DYNLIGHT,,Opzioni Luci Dinamiche,Opzioni Luci Dinamiche,Opciones de luz dinámica
Preferences,GLMNU_PREFS,,Preferenze,Preferenze,Preferencias
Trim sprite edges,GLTEXMNU_TRIMSPREDGE,,Taglia gli spigoli agli sprite,Taglia gli spigoli agli sprite,Recortar líneas de «sprite»
Sort draw lists by texture,GLTEXMNU_SORTDRAWLIST,,Ordina la lista draw per texture,Ordina la lista draw per texture,Ordenar tablas por textura
,,,,,
,,,,,
Enable light definitions,GLLIGHTMNU_LIGHTDEFS,,Abilita le definizioni GLDEFS,Abilita le definizioni GLDEFS,Activar definiciones de luz
Lights affect sprites,GLLIGHTMNU_LIGHTSPRITES,,Le luci illuminano gli omini,Le luci illuminano gli omini,Las luces afectan a los «sprites»
Lights affect particles,GLLIGHTMNU_LIGHTPARTICLES,,Le luci influiscono sulle particelle,Le luci influiscono sulle particelle,Las luces afectan a las partículas
,,,,,
,,,,,
,,,,,
,,,,,
Fog forces fullbright,GLPREFMNU_FOGFORCEFULLBRIGHT,,La nebbia forza piena luce,La nebbia forza piena luce,Forzar brillo completo en niebla
Weapon light strength,GLPREFMNU_WPNLIGHTSTR,,Intensità luminosa dell'arma,Intensità luminosa dell'arma,Intensidad de luz de las armas
Environment map on mirrors,GLPREFMNU_ENVIRONMENTMAPMIRROR,,Ambiente mappa sui riflessi,Ambiente mappa sui riflessi,Mapa de entorno en espejos
Enhanced night vision mode,GLPREFMNU_ENV,,Modalità visione notturna migliorata,Modalità visione notturna migliorata,Modo de visión nocturna mejorado
ENV shows stealth monsters,GLPREFMNU_ENVSTEALTH,,La VNM mostra i mostri stealth,La VNM mostra i mostri stealth,ENV muestra enemigos sigilosos
Adjust sprite clipping,GLPREFMNU_SPRCLIP,,Aggiusta il clipping degli sprite,Aggiusta il clipping degli sprite,Ajustar recortado de sprites
Smooth sprite edges,GLPREFMNU_SPRBLEND,,Smussa gli angoli degli sprite,Smussa gli angoli degli sprite,Suavizar bordes de sprites
Fuzz Style,GLPREFMNU_FUZZSTYLE,,Stile fuzz,Stile fuzz,Estilo de difuminación
Sprite billboard,GLPREFMNU_SPRBILLBOARD,,,,Alineado de sprites
Sprites face camera,GLPREFMNU_SPRBILLFACECAMERA,,Gli omini guardeno verso de te,Gli sprite sono rivolti alla telecamera.,Los sprites miran a la cámara
Particle style,GLPREFMNU_PARTICLESTYLE,,Stile particelle,Stile particelle,Estilo de partículas
,,,,,
Stereo 3D VR,GLPREFMNU_VRMODE,,,,Modo Stereo 3D VR
Enable Quad Stereo,GLPREFMNU_VRQUADSTEREO,,Abilita il Quad Stereo,Abilita il Quad Stereo,Activar Quad Stereo
Banded SW Lightmode,GLPREFMNU_SWLMBANDED,,Lightmode software bandata,Lightmode software bandata,Modo de luz por bandas de SW
Distance Between Your Eyes,GLPREFMNU_VRIPD,,Distranza tra i tuoi occhi,Distranza tra i tuoi occhi,Distancia entre tus ojos
Distance From Your Screen,GLPREFMNU_VRSCREENDIST,,Distanza dal tuo schermo,Distanza dal tuo schermo,Distancia desde tu pantalla
Smart,OPTVAL_SMART,,Intelligente,Intelligente,Inteligente
Smarter,OPTVAL_SMARTER,,Ancora più intelligente,Ancora più intelligente,Más inteligente
Infrared only,OPTVAL_INFRAREDONLY,,Solo infrarossi,Solo infrarossi,Solo infrarrojo
Infrared and torch,OPTVAL_INFRAREDANDTORCH,,Infrarossi e torcia,Infrarossi e torcia,Infrarrojo y antorcha
Any fixed colormap,OPTVAL_ANYFIXEDCOLORMAP,,Ogni colormap fissata,Ogni colormap fissata,Cualquier mapa de color fijo
Use as palette,OPTVAL_USEASPALETTE,,Utilizza come palette,Utilizza come palette,Usar como paleta
Blend,OPTVAL_BLEND,,Miscela,Miscela,Mezclar
Bright,OPTVAL_BRIGHT,,Chiara,Chiara,Brillante
Dark,OPTVAL_DARK,,Scura,Scura,Oscuro
Doom Legacy,OPTVAL_LEGACY,,,,
Software,OPTVAL_SOFTWARE,,,,
Optimal,OPTVAL_OPTIMAL,,Ottimale,Ottimale,Óptimo
Y Axis,OPTVAL_YAXIS,,Asse Y,Asse Y,Eje Y
X/Y Axis,OPTVAL_XYAXIS,,Asse X/Y,Asse X/Y,Ejes X/Y
Square,OPTVAL_SQUARE,,Quadrato,Quadrato,Cuadrado
Round,OPTVAL_ROUND,,Arrotondato,Arrotondato,Redondo
Radial,OPTVAL_RADIAL,,Radiale,Radiale,
Pixel fuzz,OPTVAL_PIXELFUZZ,,Fuzz pixelato,Fuzz pixelato,Difuminado pixelado
Smooth fuzz,OPTVAL_SMOOTHFUZZ,,Fuzz liscio,Fuzz liscio,Difuminado borroso
Swirly fuzz,OPTVAL_SWIRLYFUZZ,,Fuzz vorticoso,Fuzz vorticoso,Difuminado en remolino
Translucent fuzz,OPTVAL_TRANSLUCENTFUZZ,,Fuzz traslucido,Fuzz traslucido,Difuminado Translúcido
Noise,OPTVAL_NOISE,,Rumore,Rumore,Ruido
Smooth Noise,OPTVAL_SMOOTHNOISE,,Rumore liscio,Rumore liscio,Ruido borroso
Jagged fuzz,OPTVAL_JAGGEDFUZZ,,Fuzz frastagliato,Fuzz frastagliato,Difuminado dentado
Green/Magenta,OPTVAL_GREENMAGENTA,,Verde/Magenta,Verde/Magenta,Verde/Magenta
Red/Cyan,OPTVAL_REDCYAN,,Rosso/Ciano,Rosso/Ciano,Rojo/Cian
Amber/Blue,OPTVAL_AMBERBLUE,,Ambra/Blu,Ambra/Blu,Ámbar/Azul
Left Eye,OPTVAL_LEFTEYE,,Occhio sinistro,Occhio sinistro,Ojo izquierdo
Right Eye,OPTVAL_RIGHTEYE,,Occhio destro,Occhio destro,Ojo derecho
Side-by-side Full,OPTVAL_SBSFULL,,Fianco a fianco completo,Fianco a fianco completo,Lado a lado completo
Side-by-side Narrow,OPTVAL_SBSNARROW,,Fianco a fianco stretto,Fianco a fianco stretto,Lado a lado estrecho
Top/Bottom,OPTVAL_TOPBOTTOM,,Sopra/Sotto,Sopra/Sotto,Superior/Inferior
Row Interleaved,OPTVAL_ROWINTERLEAVED,,Riga interfogliata,Riga interfogliata,Fila intercalada
Column Interleaved,OPTVAL_COLUMNINTERLEAVED,,Colonna interfogliata,Colonna interfogliata,Columna intercalada
Checkerboard,OPTVAL_CHECKERBOARD,,Scacchiere,Scacchiere,Tablero de damas
Quad-buffered,OPTVAL_QUADBUFFERED,,Quad buffer,Quad buffer,Cuádruple búfer
TrueColor Options,DSPLYMNU_TCOPT,,Opzioni TrueColor,Opzioni TrueColor,Opciones TrueColor
TrueColor Options,TCMNU_TITLE,,Opzioni TrueColor,Opzioni TrueColor,Opciones TrueColor
True color output,TCMNU_TRUECOLOR,,Output true color,Output true color,Salida de True color
Linear filter when downscaling,TCMNU_MINFILTER,,Filtro lineare per la riduzione,Filtro lineare per la riduzione,Filtro lineal por reducción
Linear filter when upscaling,TCMNU_MAGFILTER,,Filtro lineare per l'aumento,Filtro lineare per l'aumento,Filtro lineal por escalado
Use mipmapped textures,TCMNU_MIPMAP,,Usa le texture mipmapped,Usa le texture mipmapped,Usar texturas con mipmap
Dynamic lights (Software),TCMNU_DYNLIGHTS,,Luci Dinamiche (Software),Luci Dinamiche (Software),Luces dinámicas (Software)
Option Search,OS_TITLE,,Opzioni di ricerca,Opzioni di ricerca,Buscar Opciones
Search for any term,OS_ANY,,Cerca parola precisa,Cerca per ciascun termine,Buscar cualquier término
Search for all terms,OS_ALL,,Cerca tutte le parole,Cerca per tutti i termini,Buscar todos los términos
No results found.,OS_NO_RESULTS,,Nn e' troveto n cazzo.,Nessun risultato trovato.,Ningun resultado.
Search:,OS_LABEL,,Trova:,Trova:,Buscar:
Always show keys,AUTOMAPMNU_SHOWKEYS_ALWAYS,,Mostra sempre le chiavi,Mostra sempre le chiavi,Mostrar llaves siempre
,,,,,
Team changing has been disabled!,TXT_NO_TEAM_CHANGE,,È stato disabilitato il cambio di squadra!,È stato disabilitato il cambio di squadra!,¡El cambio de equipo ha sido desactivado!
%s joined the %t team,TXT_JOINED_TEAM,,%s entra nel team %t,%s entra nel team %t,%s se unió al equipo %t
%s is now a loner.,TXT_LONER,,%s è da solo,%s è da solo,%s es ahora solitari@[ao_esp].
%s left the game with %d frags,TXT_LEFTWITHFRAGS,,%s ha lasciato il gioco con %d frag,%s ha lasciato il gioco con %d frag,%s salió de la partida con %d bajas
%s left the game,TXT_LEFTTHEGAME,,%s ha lasciato il gioco,%s ha lasciato il gioco,%s salió de la partida
Could not read savegame '%s'.,TXT_COULDNOTREAD,,STO SALVATAGGIO S'E' FOTTUTO,Non si è potuto leggere il salvataggio '%s'.,No se pudo leer la partida guardada '%s'.
%s' is not a valid savegame: Missing 'info.json'.,TXT_NOINFOJSON,,%s' non è un salvataggio valido: 'info.json' mancante.,%s' non è un salvataggio valido: 'info.json' mancante.,%s' no es una partida guardada válida: Falta 'info.json'.
Failed to access savegame info in '%s'.,TXT_FAILEDTOREADSG,,Accesso alle informazioni sul salvataggio in '%s' fallito.,Accesso alle informazioni sul salvataggio in '%s' fallito.,Fallo al acceder a información de partida guardada en '%s'.
Savegame '%s' is from an incompatible version.,TXT_INCOMPATIBLESG,,Il salvataggio '%s' proviene da una versione incompatibile.,Il salvataggio '%s' proviene da una versione incompatibile.,La partida guardada '%s' es de una versión no compatible.
Savegame '%s' is from another ZDoom-based engine:,TXT_OTHERENGINESG,,Il salvataggio '%s' proviene da un altro motore basato su ZDoom:,Il salvataggio '%s' proviene da un altro motore basato su ZDoom:,La partida guardada '%s' es de otro motor basado en ZDoom:
Savegame '%s' is from an older version: %d (%e is the oldest supported),TXT_TOOOLDSG,,Il salvataggio '%s' proviene da una versione precedente: %d (%e è la più vecchia supportata),Il salvataggio '%s' proviene da una versione precedente: %d (%e è la più vecchia supportata),La partida guardada '%s' es de una versión anterior: %d (%e es la más anterior soportada)
Savegame '%s' is from a newer version: %d (%e is the highest supported),TXT_TOONEWSG,,Il salvataggio '%s' proviene da una versione recente: %d (%e è la più recente supportata),Il salvataggio '%s' proviene da una versione recente: %d (%e è la più recente supportata),La partida guardada '%s' es de una versión posterior: %d (%e es la más alta soportada)
Savegame '%s' is missing the current map.,TXT_NOMAPSG,,Il salvataggio '%s' non contiene la mappa corrente.,Il salvataggio '%s' non contiene la mappa corrente.,La partida guardada '%s' carece del mapa actual.
%s' is not a valid savegame: Missing 'globals.json'.,TXT_NOGLOBALSJSON,,%s' non è un salvataggio valido: 'globals.json' mancante.,%s' non è un salvataggio valido: 'globals.json' mancante.,%s' no es una partida guardada válida: Falta 'globals.json'.
Failed to access savegame info in '%s',TXT_SGINFOERR,,Accesso alle informazioni sul salvataggio in '%s' fallito,Accesso alle informazioni sul salvataggio in '%s' fallito,Fallo al acceder a información de partida guardada en '%s'.
A game save is still pending.,TXT_SAVEPENDING,,Un salvataggio di gioco è ancora in corso.,Un salvataggio di gioco è ancora in corso.,Un guardado de partida aún está pendiente.
Not in a saveable game.,TXT_NOTSAVEABLE,,Non è in un gioco salvabile.,Non è in un gioco salvabile.,No en una partida guardable.
Not in a level,TXT_NOTINLEVEL,,Non è in un livello,Non è in un livello,No en un nivel
Player is dead in a single-player game,TXT_SPPLAYERDEAD,,Il giocatore è morto in un gioco single player,Il giocatore è morto in un gioco single player,Jugador muerto en partida de un solo jugador
Save failed,TXT_SAVEFAILED,,SALVATAGGIO GITO MALE!,Salvataggio fallito,Guardado fallido
Could not create screenshot.,TXT_SCREENSHOTERR,,Non è stato possibile effettuare la cattura dello schermo.,Non è stato possibile effettuare la cattura dello schermo.,No se pudo crear captura de pantalla.
By %s,TXT_BY,,Da %s,Da %s,Por %s
Press any key or click anywhere in the window to quit.,TXT_QUITENDOOM,,Premi un qualunque tasto o fai un click ovunque nella finestra per uscire.,Premi un qualunque tasto o fai un click ovunque nella finestra per uscire.,Presiona una tecla o haz click en cualquier lugar de la ventana para salir.
Screen Blend Options,HUDMNU_FLASH,,Opzioni Blending dello Schermo,Opzioni Blending dello Schermo,Opciones de tintado de pantalla
3D mode,GLMNU_3DMODE,,Modalità 3D,Modalità 3D,Modo 3D
Crosshair,HUDMNU_CROSSHAIRON,,Mirino,Mirino,Retícula
Subtitles,MSGMNU_SUBTITLES,,Sottotitoli,Sottotitoli,Subtítulos
Prevent gray shadows,GLPREFMNU_PALTONENOGREY,,Prevenire le ombre grigie,Prevenire le ombre grigie,Prevenir sombras grises
Font Options,HUDMNU_FONTOPTIONS,,Opzioni per il tipo di carattere,Opzioni per il tipo di carattere,Opciones de fuentes
Use standard font for log display,FONTMNU_LOG,,Usa il tipo di carattere di default per la visualizzazione dei messaggi di log,Usa il tipo di carattere di default per la visualizzazione dei messaggi di log,Usar la fuente estándar para logs
Use standard font for dialogues,FONTMNU_DLG,,Usa il tipo di carattere di default per la visualizzazione dei dialoghi,Usa il tipo di carattere di default per la visualizzazione dei dialoghi,Usar la fuente estándar para diálogos
Quick Exit,MISCMNU_QUICKEXIT,,Uscita rapida,Uscita rapida,Salida Rápida
Custom Inverse Map,DSPLYMNU_CUSTOMINVERTMAP,,Mappa inversa personalizzata,Mappa inversa personalizzata,Personalizar Filtro Invertido
"Custom Inverse Color Dark
",DSPLYMNU_CUSTOMINVERTC1,,Colore inverso personalizzato scuro,Colore inverso personalizzato scuro,"Color Oscuro de Filtro Invertido
"
Custom Inverse Color Light,DSPLYMNU_CUSTOMINVERTC2,,Colore inverso personalizzato chiaro,Colore inverso personalizzato chiaro,Color Claro de Filtro Invertido
Weapon bob amount when firing,DSPLYMNU_BOBFIRE,,Movimento dell'arma quando si spara,Movimento dell'arma quando si spara,Balanceo de pantalla al disparar
Intermission and Screen Border Classic Scaling,SCALEMNU_SCALECLASSIC,,Ridimensionamento classico dell'intermissione e del bordo dello schermo,Ridimensionamento classico dell'intermissione e del bordo dello schermo,Escalado Clásico de Intermisión y Bordes de Pantalla
Intermission background,SCALEMNU_INTER,,Sottofondi delle intermissioni,Sottofondi delle intermissioni,Fondo de intermisión
Screen border,SCALEMNU_BORDER,,Bordo dello schermo,Bordo dello schermo,Bordes de pantalla
Scaling factor,SCALEMNU_FACTOR,,Fattore di scala,Fattore di scala,Factor de escalado
Aspect ratio,SCALEMNU_RATIO,,Proporzioni,Proporzioni,Ratio de aspecto
Build,OPTVAL_BUILD,,,,
Show Tally Screen On Level Exit,MISCMNU_ALWAYSTALLY,,Mostra i punteggi alla fine del livello,Mostra i punteggi alla fine del livello,Mostrar pantalla de conteo al salir de nivel
Mod Defined,OPTVAL_MODDEFINED,,Definito dalla mod,Definito dalla mod,Definido por mod
"Always, except within hubs",OPTVAL_NOTHUBS,,"Sempre, tranne gli hub","Sempre, tranne gli hub","Siempre, excepto en hubs"
"Always, even within hubs",OPTVAL_WITHHUBS,,"Sempre, inclusi gli hub","Sempre, inclusi gli hub","Siempre, incluso en hubs"
Preferred keyboard layout,CNTRLMNU_LAYOUT,,Layout della tastiera preferito,Layout della tastiera preferito,Disposición de teclado preferida
Classic ZDoom,OPTVAL_CLASSICZ,,ZDoom Classico,ZDoom Classico,ZDoom clásico
Modern (WASD),OPTVAL_MODERN,,Moderno (WASD),Moderno (WASD),Moderno (WASD)
Modern (Keypad),OPTVAL_MODERNLEFT,,Moderno (tastierino numerico),Moderno (tastierino numerico),Moderno (Teclado Numérico)
Strict KEYCONF Weapons/Players,MISCMNU_SETSLOTSTRICT,,KEYCONF rigoroso per armi/giocatori,KEYCONF rigoroso per armi/giocatori,KEYCONF de Armas/Jugadores estricto
Classic ZDoom menu scaling,"MISCMNU_CLEANMENU
",,Fattore di scala ZDoom classico per i menu,Fattore di scala ZDoom classico per i menu,Escalado clásico de ZDoom en menús
Use percents on summary screen,MISCMNU_WIPERCENT,,Usa percentuali per le schermate di riepilogo,Usa percentuali per le schermate di riepilogo,Usar porcentajes en pantalla de sumario
Classic ZDoom scaling on summary screen,MISCMNU_CLEANSTAT,,Fattore di scala ZDoom classico per le schermate di riepilogo,Fattore di scala ZDoom classico per le schermate di riepilogo,Escalado clásico de ZDoom en pantalla de sumario
Citizen,TAG_STRIFEZOMBIE,,Cittadino,Cittadino,Ciudadano
Ceiling Turret,TAG_CEILINGTURRET,,Torretta da soffitto,Torretta da soffitto,Torreta de techo
Crusader,TAG_CRUSADER,,Crociato,Crociato,Cruzado
Inquisitor,TAG_INQUISITOR,,Inquisitore,Inquisitore,Inquisidor
Peasant,TAG_PEASANT,,Civile,Civile,Campesino
Reaver,TAG_REAVER,,Saccheggiatore,Saccheggiatore,Saqueador
Sentinel,TAG_SENTINEL,,Sentinella,Sentinella,Centinela
Stalker,TAG_STALKER,,Cacciatore,Cacciatore,Acechador
The Bishop,TAG_BISHOP,,Vescovo,Vescovo,El Obispo
The One God,TAG_ENTITY,,Unico Dio,Unico Dio,El Dios Único
The Programmer,TAG_PROGRAMMER,,Programmatore,Programmatore,El Programador
The Spectre,TAG_ALIENSPECTRE,,Spettro,Spettro,El Espectro
Kneeling Guy,TAG_KNEELINGGUY,,Uomo inchinato,Uomo inchinato,Tipo arrodillado
Spawn multiplayer things in coop,GMPLYMNU_MULTIPLAYERTHINGS,,Fai apparire gli oggetti di multigiocatore in cooperativa,Fai apparire gli oggetti di multigiocatore in cooperativa,Hacer aparecer cosas del multijugador en cooperativo
,,,,,
Monsters and players,OPTVAL_SPRSHADALWAYS,,Mostri e giocatori,Mostri e giocatori,Monstruos y jugadores
,,,,,
Disable MBF21 features,CMPTMNU_NOMBF21,,Disabilita le funzioni MBF21,Disabilita le funzioni MBF21,Deshabilitar las funciones de MBF21
Show time widget,ALTHUDMNU_SHOWTIMESTAT,,Mostra orario,Mostra orario,Mostrar widget de tiempo
MBF21,OPTVAL_MBF21,,,,
Crushed monsters get resurrected as ghosts,CMPTMNU_VILEGHOSTS,,Mostri schiacciati vengono resuscitati come fantasmi,Mostri schiacciati vengono resuscitati come fantasmi,Los monstruos aplastados son resucitados como fantasmas
View bobbing while flying,MISCMNU_FVIEWBOB,,,,La vista tambalea al volar
%o was maimed by a Serpent.,OB_DEMON1HIT,,%o è stato mutilato da un serpente.,%o è stato mutilato da un serpente.,
Antialias Lines,AUTOMAPMNU_LINEANTIALIASING,,,,
Move and shoot through other players,GMPLYMNU_NOPLAYERCLIP,,Muoversi e sparare attraverso gli altri giocatori,Muoversi e sparare attraverso gli altri giocatori,
Share keys with all players,GMPLYMNU_SHAREKEYS,,Condividere i tasti con tutti i giocatori,Condividere i tasti con tutti i giocatori,
Disallow override of camera facing mode,GLPREFMNU_SPRBILLFACECAMERAFORCE,,Disconoscimento della modalità telecamera,Disconoscimento della modalità telecamera,
Swap health and armor,ALTHUDMNU_SWAPHEALTHARMOR,,Scambio di salute e armatura,Scambio di salute e armatura,
Use classic HUD scaling,SCALEMNU_HUD_OLDSCALE,,Utilizzare la scalatura classica dell'HUD,Utilizzare la scalatura classica dell'HUD,
HUD scale factor,SCALEMNU_HUD_SCALEFACTOR,,Fattore di scala dell'HUD,Fattore di scala dell'HUD,
Spawn co-op only things in multiplayer,GMPLYMNU_COOPTHINGS,,Creare oggetti solo per la cooperativa in multigiocatore,Creare oggetti solo per la cooperativa in multigiocatore,
Spawn co-op only pickup items in multiplayer,GMPLYMNU_COOPITEMS,,Creare pickup solo per la cooperativa in multigiocatore,Creare pickup solo per la cooperativa in multigiocatore,
Players pick up their own copy of items in multiplayer,GMPLYMNU_LOCALITEMS,,I giocatori raccolgono la propria copia di oggetti in multigiocatore,I giocatori raccolgono la propria copia di oggetti in multigiocatore,
Disable client-side pick ups on dropped items,GMPLYMNU_NOLOCALDROP,,Disabilita il ritiro degli oggetti caduti dal lato client,Disabilita il ritiro degli oggetti caduti dal lato client,
Restart level on Death,MISCMNU_RESTARTONDEATH,,Riavvio del livello in caso di morte,Riavvio del livello in caso di morte,
Pistol Start,GMPLYMNU_PISTOLSTART,,Avvio pistola,Avvio pistola,
Allow creation of zombie players,CMPTMNU_VOODOOZOMBIES,,,,
ignore floor z when teleporting,CMPTMNU_FDTELEPORT,,,,
,,,,,
Press Y or N.,PRESSYN,,PIGIA Y O N,Premi Y oppure N.,Presiona Y o N.
Yes,TXT_YES,,Si,Si,Sí
No,TXT_NO,,,,
"You can't save if you aren't playing!

Press a key.",SAVEDEAD,,"NN POI SALVA' SE NON STAI A GIOCA', TURSOLO!

Premi un tasto.","Non puoi salvare se non stai giocando!

Premi un tasto.","¡No puedes guardar si no estás jugando!

Presiona una tecla."
Do you really want to do this?,SAFEMESSAGE,,Sei sicuro di volerlo fare?,Sei sicuro di volerlo fare?,¿Realmente quieres hacer eso?
Not set,NOTSET,,Non assegnato,Non assegnato,No asignado
"Quicksave over your game named

'%s'?

Press Y or N.",QSPROMPT,,"Voi sovrascrive l salvataggio

'%s'?

Pigia Y o N.","Sovrascrivere il salvataggio

'%s'?

Premi Y oppure N.","¿Deseas guardar sobre tu partida llamada

'%s'?

Presiona Y o N."
"Do you want to quickload the game named

'%s'?

Press Y or N.",QLPROMPT,,"Voi cariche' la partita

'%s'?

Pigia Y o N.","Vuoi fare un quickload della partita

'%s'?

Premi Y oppure N.","¿Deseas cargar la partida llamada

'%s'?

Presiona Y o N."
%s cheats,TXT_X_CHEATS,,%s imbroglia,%s imbroglia,%s hace trampas
Messages: OFF,MSGOFF,,Messaggi DISATTIVETI,Messaggi DISATTIVATI,Mensajes DESACTIVADOS
Messages: ON,MSGON,,Messaggi ATTIVETI,Messaggi ATTIVATI,Mensajes ACTIVADOS
Say:,TXT_SAY,,Di' qualcosa:,Parla:,
Press any key or click anywhere in the window to quit.,TXT_QUITENDOOM,,Premi un qualunque tasto o fai un click ovunque nella finestra per uscire.,Premi un qualunque tasto o fai un click ovunque nella finestra per uscire.,Presiona una tecla o haz clic en cualquier lugar de la ventana para salir.
,,,,,
<New Save Game>,NEWSAVE,,<Nuovo Salvataggio>,<Nuovo Salvataggio>,<Nueva partida guardada>
Game saved.,GGSAVED,,Gioco salveto!,Partita salvata.,Partida guardada.
Time,SAVECOMMENT_TIME,,Tempo,Tempo,Tiempo
Load Game,MNU_LOADGAME,,Carica partita,Carica partita,Cargar partida
Save Game,MNU_SAVEGAME,,Salva partita,Salva partita,Guardar partida
No Picture,MNU_NOPICTURE,,Nessuna immagine,Nessuna immagine,Sin imagen
Different Version,MNU_DIFFVERSION,,Versione differente,Versione differente,Versión diferente
No files,MNU_NOFILES,,Nessun file,Nessun file,Sin archivos
"Do you really want to delete the savegame?
",MNU_DELETESG,,Se' sicuro che voi butta' via sto salvataggio?,Vuoi veramente cancellare il salvataggio?,"¿Realmente deseas borrar la partida?
"
,,,,,
Off,OPTVAL_OFF,,Spinto,Disattivo,Desactivado
On,OPTVAL_ON,,Aceso,Attivo,Activado
Auto,OPTVAL_AUTO,,Automatico,Automatico,Automático
Options,OPTMNU_TITLE,,Opzioni,Opzioni,Opciones
Customize Controls,OPTMNU_CONTROLS,,Impostazioni dei botoni,Personalizza i controlli,Personalizar controles
Mouse Options,OPTMNU_MOUSE,,Opzioni del Maus,Opzioni Mouse,Opciones de ratón
Controller Options,OPTMNU_JOYSTICK,,Opzioni del Giostic,Opzioni Joystick,Opciones de mando
Player Setup,OPTMNU_PLAYER,,Settaggio giocatore,Settaggio giocatore,Configuración del jugador
Gameplay Options,OPTMNU_GAMEPLAY,,Opzioni Gameplay,Opzioni Gameplay,Opciones de jugabilidad
Automap Options,OPTMNU_AUTOMAP,,Opzioni Automappa,Opzioni Automappa,Opciones del automapa
HUD Options,OPTMNU_HUD,,Opzioni HUD,Opzioni HUD,Opciones del HUD
Miscellaneous Options,OPTMNU_MISCELLANEOUS,,Opzioni Miste,Opzioni Miste,Opciones misceláneas
,,,,,
Display Options,OPTMNU_DISPLAY,,Opzioni Display,Opzioni Display,Opciones de visualización
Set video mode,OPTMNU_VIDEO,,Settaggio modalità video,Settaggio modalità video,Modos de vídeo
Reset to defaults,OPTMNU_DEFAULTS,,Reimposta ai valori di default,Reimposta ai valori di default,Valores por defecto
Reset to last saved,OPTMNU_RESETTOSAVED,,Reimposta ai valori salvati l'ultima volta,Reimposta ai valori salvati l'ultima volta,Últimos valores guardados
Save current settings,OPTMNU_WRITEINI,,Salva le impostazioni correnti,Salva le impostazioni correnti,Guardar los ajustes de ahora
Go to console,OPTMNU_CONSOLE,,Vai alla console,Vai alla console,Ir a la consola
Network Options,OPTMNU_NETWORK,,Opzioni Network,Opzioni Network,Opciones de red
Reverb environment editor,OPTMNU_REVERB,,Editor ambiente reverb,Editor ambiente reverb,Editor de amb. de reverberación
,,,,,
"ENTER to change, BACKSPACE to clear",CNTRLMNU_SWITCHTEXT1,,"INVIO per modifica0, BACKSPACE per scancella'","INVIO per modificare, BACKSPACE per ripulire","ENTER para cambiar, RETROCESO para borrar"
"Press new key for control, ESC to cancel",CNTRLMNU_SWITCHTEXT2,,"Premi un nuovo tasto per il controllo, ESC per cancellare","Premi un nuovo tasto per il controllo, ESC per cancellare","Presiona una tecla para el control, ESC para cancelar"
Controls,CNTRLMNU_CONTROLS,,Botoni,Controlli,Controles
Fire,CNTRLMNU_ATTACK,,Fuoco,Fuoco,Fuego
Secondary Fire,CNTRLMNU_ALTATTACK,,Fuoco secondario,Fuoco secondario,Fuego secundario
Weapon Reload,CNTRLMNU_RELOAD,,Ricarica dell'arma,Ricarica dell'arma,Recargar arma
Use / Open,CNTRLMNU_USE,,Usa/Apri,Usa/Apri,Usar/Abrir
,,,,,
,,,,,
,,,,,
,,,,,
Turn left,CNTRLMNU_TURNLEFT,,"Gira a sinistra
","Gira a sinistra
",Girar a la izquierda
Turn right,CNTRLMNU_TURNRIGHT,,Gira a destra,Gira a destra,Girar a la derecha
Quick Turn,CNTRLMNU_TURN180,,Rotazione rapida,Rotazione rapida,Giro rápido
Jump,CNTRLMNU_JUMP,,Salto,Salto,Saltar
Crouch,CNTRLMNU_CROUCH,,Abbassarsi,Abbassarsi,Agacharse
Crouch Toggle,CNTRLMNU_TOGGLECROUCH,,Attivare/disattivare abbassamento,Attivare/disattivare abbassamento,Alternar agachado
Mouse look,CNTRLMNU_MOUSELOOK,,Modalità vista col mouse,Modalità vista col mouse,Vista con ratón
Look up,CNTRLMNU_LOOKUP,,Guarda sopra,Guarda sopra,Mirar arriba
Look down,CNTRLMNU_LOOKDOWN,,Guarda sotto,Guarda sotto,Mirar abajo
Center view,CNTRLMNU_CENTERVIEW,,Sguardo centrato,Sguardo centrato,Centrar vista
,,,,,
,,,,,
Strafe,CNTRLMNU_STRAFE,,Spostamento laterale,Spostamento laterale,Desplazamiento
Show Scoreboard,CNTRLMNU_SCOREBOARD,,Mostra la tabella punteggio,Mostra la tabella punteggio,Mostrar marcador
,,,,,
Customize Action Controls,CNTRLMNU_ACTION_TITLE,,Personalizza i controlli di azione,Personalizza i controlli di azione,Cambiar controles de acción
Chat,CNTRLMNU_CHAT,,,,
Multiplayer,MNU_MULTIPLAYER,,Multigiocatore,Multigiocatore,Multijugador
Say,CNTRLMNU_SAY,,Parla,Parla,Hablar
Customize Chat Controls,CNTRLMNU_CHAT_TITLE,,Personalizza i controlli della chat,Personalizza i controlli della chat,Cambiar controles de chat
Customize Weapon Controls,CNTRLMNU_WEAPONS_TITLE,,Personalizza i controlli delle armi,Personalizza i controlli delle armi,Cambiar controles de armas
Customize Inventory Controls,CNTRLMNU_INVENTORY_TITLE,,Personalizza i controlli dell'inventario,Personalizza i controlli dell'inventario,Cambiar controles de inventario
Customize Other Controls,CNTRLMNU_OTHER_TITLE,,Personalizza altri controlli,Personalizza altri controlli,Cambiar otros controles
,,,,,
,,,,,
,,,,,
,,,,,
,,,,,
,,,,,
,,,,,
,,,,,
,,,,,
,,,,,
,,,,,
Inventory,CNTRLMNU_INVENTORY,,Inventario,Inventario,Inventario
,,,,,
Activate all items,CNTRLMNU_USEALLITEMS,,Attiva tutti gli oggetti,Attiva tutti gli oggetti,Activar todos los objetos
Next item,CNTRLMNU_NEXTITEM,,Oggetto successivo,Oggetto successivo,Objeto siguiente
Previous item,CNTRLMNU_PREVIOUSITEM,,Oggetto precedente,Oggetto precedente,Objeto anterior
Customize Map Controls,MAPCNTRLMNU_TITLE,,Personalizza i controlli mappa,Personalizza i controlli mappa,Cambiar controles del mapa
Map Controls,MAPCNTRLMNU_CONTROLS,,Controlli mappa,Controlli mappa,Controles del mapa
Pan left,MAPCNTRLMNU_PANLEFT,,Sposta a sinistra,Sposta a sinistra,Mover a la izquierda
Pan right,MAPCNTRLMNU_PANRIGHT,,Sposta a destra,Sposta a destra,Mover a la derecha
Pan up,MAPCNTRLMNU_PANUP,,Sposta sopra,Sposta sopra,Mover hacia arriba
Pan down,MAPCNTRLMNU_PANDOWN,,Sposta sotto,Sposta sotto,Mover hacia abajo
Zoom in,MAPCNTRLMNU_ZOOMIN,,Ingrandisci,Ingrandisci,Acercar
Zoom out,MAPCNTRLMNU_ZOOMOUT,,Rimpicciolisci,Rimpicciolisci,Alejar
Toggle zoom,MAPCNTRLMNU_TOGGLEZOOM,,Abilita/disabilita zoom,Abilita/disabilita zoom,Alternar zoom
Toggle follow,MAPCNTRLMNU_TOGGLEFOLLOW,,Abilita/disabilita scorrimento mappa,Abilita/disabilita scorrimento mappa,Alternar seguimiento
Toggle grid,MAPCNTRLMNU_TOGGLEGRID,,Abilita/disabilita la griglia,Abilita/disabilita la griglia,Alternar cuadrícula
Toggle rotate,MAPCNTRLMNU_ROTATE,,Abilita/disabilita la rotazione,Abilita/disabilita la rotazione,Alternar rotación
Toggle texture,MAPCNTRLMNU_TOGGLETEXTURE,,Abilita/disabilita le texture,Abilita/disabilita le texture,Alternar textura
Toggle automap,CNTRLMNU_AUTOMAP,,Abilita/disabilita l'automappa,Abilita/disabilita l'automappa,Alternar automapa
Chasecam,CNTRLMNU_CHASECAM,,Telecamera di inseguimento,Telecamera di inseguimento,Cámara de seguimiento
,,,,,
,,,,,
,,,,,
Increase Display Size,CNTRLMNU_DISPLAY_INC,,Aumenta la dimensione del display,Aumenta la dimensione del display,Agrandar ventana
Decrease Display Size,CNTRLMNU_DISPLAY_DEC,,Riduci la dimensione del display,Riduci la dimensione del display,Reducir ventana
,,,,,
,,,,,
,,,,,
,,,,,
,,,,,
Quicksave,CNTRLMNU_QUICKSAVE,,Salvataggio rapido,Salvataggio rapido,Guardado rápido
Quickload,CNTRLMNU_QUICKLOAD,,Caricamento rapido,Caricamento rapido,Cargado rápido
Exit to Main Menu,CNTRLMNU_EXIT_TO_MAIN,,Esci dal menu principale,Esci dal menu principale,Salir al menú principal
Toggle Messages,CNTRLMNU_TOGGLE_MESSAGES,,Toggle messaggi,Toggle messaggi,Alternar mensajes
Quit Game,CNTRLMNU_MENU_QUIT,,Esci dal gioco,Esci dal gioco,Salir del juego
Adjust Gamma,CNTRLMNU_ADJUST_GAMMA,,Aggiustamento Gamma,Aggiustamento Gamma,Ajustar gama
,,,,,
Enable mouse,MOUSEMNU_ENABLEMOUSE,,Abilita il mouse,Abilita il mouse,Habilitar ratón
Enable mouse in menus,MOUSEMNU_MOUSEINMENU,,Abilita il mouse nei menu,Abilita il mouse nei menu,Usa ratón en los menús
Show back button,MOUSEMNU_SHOWBACKBUTTON,,Mostra il bottone per tornare indietro,Mostra il bottone per tornare indietro,Mostrar botón de retroceso
Cursor,MOUSEMNU_CURSOR,,Cursore,Cursore,
,,,,,
,,,,,
Smooth mouse movement,MOUSEMNU_SMOOTHMOUSE,,Movimento del mouse liscio,Movimento del mouse liscio,Mov. fluido del ratón
Turning speed,MOUSEMNU_TURNSPEED,,Velocità di rotazione,Velocità di rotazione,Velocidad de giro
Mouselook speed,MOUSEMNU_MOUSELOOKSPEED,,Velocità di rotazione della vista,Velocità di rotazione della vista,Veloc. de vista con ratón
Forward/Backward speed,MOUSEMNU_FORWBACKSPEED,,Velocità avanti/indietro,Velocità avanti/indietro,Veloc. de avance/retroceso
Strafing speed,MOUSEMNU_STRAFESPEED,,Velocità movimento laterale,Velocità movimento laterale,Veloc. de mov. lateral
Always Mouselook,MOUSEMNU_ALWAYSMOUSELOOK,,Vista col mouse,Vista col mouse,Siempre mirar con ratón
,,,,,
,,,,,
Upper left,OPTVAL_UPPERLEFT,,Superiore sinistro,Superiore sinistro,Sup. izquierda
Upper right,OPTVAL_UPPERRIGHT,,Superiore destro,Superiore destro,Sup. derecha
Lower left,OPTVAL_LOWERLEFT,,Inferiore sinistro,Inferiore sinistro,Inf. izquierda
Lower right,OPTVAL_LOWERRIGHT,,Inferiore destro,Inferiore destro,Inf. derecha
Touchscreen-like,OPTVAL_TOUCHSCREENLIKE,,Come il Touchscreen,Come il Touchscreen,Pant. táctil
Simple arrow,OPTSTR_SIMPLEARROW,,Freccia semplice,Freccia semplice,Flecha simple
System cursor,OPTSTR_SYSTEMCURSOR,,Cursore di sistema,Cursore di sistema,Cursor del sistema
Default,OPTVAL_DEFAULT,,Predefinito,Predefinito,Por defecto
,,,,,
Configure Controller,JOYMNU_TITLE,,Configura il controller,Configura il controller,Configurar mando
Controller Options,JOYMNU_OPTIONS,,Opzioni del controller,Opzioni del controller,Opciones del mando
Block controller input in menu,JOYMNU_NOMENU,,Blocca l'input del controller nei menu,Blocca l'input del controller nei menu,Bloq. entrada de mando en menú
Enable controller support,JOYMNU_ENABLE,,Abilita il supporto del controller,Abilita il supporto del controller,Activar soporte de mandos
Enable DirectInput controllers,JOYMNU_DINPUT,,Abilita i controlli DirectInput,Abilita i controlli DirectInput,Usa controles DirectInput
Enable XInput controllers,JOYMNU_XINPUT,,Abilita i controlli XInput,Abilita i controlli XInput,Usa controles XInput
Enable raw PlayStation 2 adapters,JOYMNU_PS2,,Abilita gli adattatori raw PlayStation 2,Abilita gli adattatori raw PlayStation 2,Usa adaptadores de PlayStation 2
No controllers detected,JOYMNU_NOCON,,Nessun controller trovato,Nessun controller trovato,No hay mandos detectados
Configure controllers:,JOYMNU_CONFIG,,Configura i controller:,Configura i controller:,Configurar controles:
Controller support must be,JOYMNU_DISABLED1,,Il supporto ai controller deve essere,Il supporto ai controller deve essere,El soporte de mandos debe estar
enabled to detect any,JOYMNU_DISABLED2,,abilitato a trovare ogni,abilitato a trovare ogni,activado para detectar alguno
Invalid controller specified for menu,JOYMNU_INVALID,,Controller invalido specificato per il menu,Controller invalido specificato per il menu,Mando inválido especificado para el menú
Overall sensitivity,JOYMNU_OVRSENS,,Sensibilità generale,Sensibilità generale,Sensibilidad general
Axis Configuration,JOYMNU_AXIS,,Configurazione assi,Configurazione assi,Configuración del eje
Invert,JOYMNU_INVERT,,Inverti,Inverti,Invertir
Dead zone,JOYMNU_DEADZONE,,Zona cieca,Zona cieca,Zona muerta
No configurable axes,JOYMNU_NOAXES,,Nessun asse configurabile,Nessun asse configurabile,No hay ejes configurables
None,OPTVAL_NONE,,Nessuno,Nessuno,Ninguno
Turning,OPTVAL_TURNING,,Rotazione,Rotazione,Girar
Looking Up/Down,OPTVAL_LOOKINGUPDOWN,,Sguardo Sopra/Sotto,Sguardo Sopra/Sotto,Mirar hacia arriba/abajo
Moving Forward,OPTVAL_MOVINGFORWARD,,Movimento in avanti,Movimento in avanti,Avanzar
Strafing,OPTVAL_STRAFING,,Movimento laterale,Movimento laterale,Desplazarse
Moving Up/Down,OPTVAL_MOVINGUPDOWN,,Movimento Sopra/Sotto,Movimento Sopra/Sotto,Moverse hacia arriba/abajo
Inverted,OPTVAL_INVERTED,,Invertito,Invertito,Invertido
Not Inverted,OPTVAL_NOTINVERTED,,Non invertito,Non invertito,No invertido
,,,,,
Blue,TXT_COLOR_BLUE,,Blu,Blu,Azul
Red,TXT_COLOR_RED,,Rosso,Rosso,Rojo
Green,TXT_COLOR_GREEN,,Verde,Verde,Verde
Gray,TXT_COLOR_GRAY,,Grigio,Grigio,Gris
Dark gray,TXT_COLOR_DARKGRAY,,Grigio scuro,Grigio scuro,Gris oscuro
Dark Green,TXT_COLOR_DARKGREEN,,Verde scuro,Verde scuro,Verde oscuro
Brown,TXT_COLOR_BROWN,,Marrone,Marrone,Marrón
Dark Blue,TXT_COLOR_DARKBLUE,,Blu scuro,Blu scuro,Azul oscuro
Light Red,TXT_COLOR_LIGHTRED,,Rosso chiaro,Rosso chiaro,Rojo claro
Yellow,TXT_COLOR_YELLOW,,Giallo,Giallo,Amarillo
Purple,TXT_COLOR_PURPLE,,Viola,Viola,Morado
Olive,TXT_COLOR_DULLGREEN,,Verde pallido,Verde pallido,Oliva
Beige,TXT_COLOR_BEIGE,,,,Beis
Light Green,TXT_COLOR_LIGHTGREEN,,Verde chiaro,Verde chiaro,Verde claro
Light Blue,TXT_COLOR_LIGHTBLUE,,Blu chiaro,Blu chiaro,Azul claro
Light Gray,TXT_COLOR_LIGHTGRAY,,Grigio chiaro,Grigio chiaro,Gris claro
Light Brown,TXT_COLOR_LIGHTBROWN,,Marrone chiaro,Marrone chiaro,Marrón claro
Gold,TXT_COLOR_GOLD,,Oro,Oro,Dorado
Bright Green,TXT_COLOR_BRIGHTGREEN,,Verde chiaro,Verde chiaro,Verde claro
Rust,TXT_COLOR_RUST,,Arrugginito,Arrugginito,Óxido
Name,PLYRMNU_NAME,,Nome,Nome,Nombre
Team,PLYRMNU_TEAM,,Squadra,Squadra,Equipo
Color,PLYRMNU_PLAYERCOLOR,,Colore,Colore,
Gender,PLYRMNU_PLAYERGENDER,,Sesso,Sesso,Sexo
Male,OPTVAL_MALE,,Maschio,Maschio,Masculino
Female,OPTVAL_FEMALE,,Femmina,Femmina,Femenino
Neutral,OPTVAL_NEUTRAL,,Neutrale,Neutrale,Neutro
Object,OPTVAL_OTHER,,Oggetto,Oggetto,Objeto
Gameplay Options,GMPLYMNU_TITLE,,Opzioni gameplay,Opzioni gameplay,Opciones de jugabilidad
Always,OPTVAL_ALWAYS,,Sempre,Sempre,Siempre
Never,OPTVAL_NEVER,,Mai,Mai,Nunca
Autoaim,PLYRMNU_AUTOAIM,,Mira automatica,Mira automatica,Autoapuntar
Always Run,PLYRMNU_ALWAYSRUN,,Corri sempre,Corri sempre,Siempre correr
,,,,,
Screen size,DSPLYMNU_SCREENSIZE,,Dimensione della schermata,Dimensione della schermata,Tamaño de pantalla
,,,,,
Models,DSPLYMNU_MODELS,,Modelli,Modelli,Modelos
Scale crosshair,DSPLYMNU_CROSSHAIRSCALE,,Scala del mirino,Scala del mirino,Escalar retícula
,,,,,
,,,,,
,,,,,
,,,,,
Status Bar Scale,DSPLYMNU_SBSCALE,,Dimensioni Status Bar,Dimensioni Status Bar,Escala de barra de estado
Messages,DSPLYMNU_MESSAGES,,Messaggi,Messaggi,Mensajes
Center messages,MSGMNU_CENTERMESSAGES,,Messaggi centrati,Messaggi centrati,Centrar mensajes
Pulsating message Display,MSGMNU_PULSEMESSAGES,,Mostra messaggi pulsanti,Mostra messaggi pulsanti,Mostrar mensajes pulsantes
Message Scale,MSGMNU_MESSAGESCALE,,Dimensioni Messaggi,Dimensioni Messaggi,Escala de mensajes
,,,,,
Select Color,MNU_COLORPICKER,,Scegli il colore,Scegli il colore,Elige un color
Rotate automap,AUTOMAPMNU_ROTATE,,Ruota l'automappa,Ruota l'automappa,Rotar automapa
Follow player,AUTOMAPMNU_FOLLOW,,Segui il giocatore,Segui il giocatore,Seguir jugador
Line alpha,AUTOMAPMNU_LINEALPHA,,Traslucenza delle linee,Traslucenza delle linee,Transparencia de línea
Line thickness,AUTOMAPMNU_LINETHICKNESS,,Spessore delle linee,Spessore delle linee,Grosor de línea
Customize Map Colors,MAPCOLORMNU_TITLE,,Personalizza i colori della mappa,Personalizza i colori della mappa,Personalizar colores (mapa)
Restore default custom colors,MAPCOLORMNU_DEFAULTMAPCOLORS,,Reimposta i colori personalizzati al default,Reimposta i colori personalizzati al default,Restaurar colores personalizados
,,,,,
Sound enabled,SNDMNU_SNDENABLED,,Abilita gli effetti sonori,Abilita gli effetti sonori,Sonido activado
Music enabled,SNDMNU_MUSENABLED,,Abilita la musica,Abilita la musica,Música activada
4000 Hz,OPTVAL_4000HZ,,,,
8000 Hz,OPTVAL_8000HZ,,,,
11025 Hz,OPTVAL_11025HZ,,,,
22050 Hz,OPTVAL_22050HZ,,,,
32000 Hz,OPTVAL_32000HZ,,,,
44100 Hz,OPTVAL_44100HZ,,,,
48000 Hz,OPTVAL_48000HZ,,,,
64 samples,OPTVAL_64SAMPLES,,,,64 muestras
128 samples,OPTVAL_128SAMPLES,,,,128 muestras
256 samples,OPTVAL_256SAMPLES,,,,256 muestras
512 samples,OPTVAL_512SAMPLES,,,,512 muestras
1024 samples,OPTVAL_1024SAMPLES,,,,1024 muestras
2048 samples,OPTVAL_2048SAMPLES,,,,2048 muestras
4096 samples,OPTVAL_4096SAMPLES,,,,4096 muestras
Auto,OPTSTR_AUTO,,Automatico,Automatico,Automático
Mono,OPTSTR_MONO,,,,
Stereo,OPTSTR_STEREO,,,,Estéreo
Dolby Pro Logic Decoder,OPTSTR_PROLOGIC,,,,
Quad,OPTSTR_QUAD,,,,Cuádruple
5 speakers,OPTSTR_SURROUND,,Surround,Surround,5 altavoces
5.1 speakers,OPTSTR_5POINT1,,Surround 5.1,Surround 5.1,Altavoces 5.1
7.1 speakers,OPTSTR_7POINT1,,Surround 7.1,Surround 7.1,Altavoces 7.1
,,,,,
Enable EFX,OPENALMNU_ENABLEEFX,,Abilita EFX,Abilita EFX,Permitir EFX
Resampler,OPENALMNU_RESAMPLER,,,,
,,,,,
,,,,,
,,,,,
MIDI device,SNDMNU_MIDIDEVICE,,Dispositivo MIDI,Dispositivo MIDI,Dispositivo MIDI
Sound in Background,SNDMNU_BACKGROUND,,Suono di sottofondo,Suono di sottofondo,Sonido en segundo plano
Underwater reverb,SNDMNU_UNDERWATERREVERB,,Reverb sott'acqua,Reverb sott'acqua,Reverberación bajo el agua
Randomize pitches,SNDMNU_RANDOMIZEPITCHES,,Rendi casuale il tono,Rendi casuale il tono,Tonos aleatorios
Sound channels,SNDMNU_CHANNELS,,Numero canali del suono,Numero canali del suono,Canales de sonido
Sound backend,SNDMNU_BACKEND,,Backend suono,Backend suono,Sistema de sonido
OpenAL options,SNDMNU_OPENAL,,Opzioni OpenAL,Opzioni OpenAL,Opciones de OpenAL
,,,,,
Advanced options,SNDMNU_ADVANCED,,Opzioni avanzate,Opzioni avanzate,Opciones avanzadas
Module replayer options,SNDMNU_MODREPLAYER,,Opzioni Module replayer,Opzioni Module replayer,Opciones reproductor de módulos
Midi player options,SNDMNU_MIDIPLAYER,,Opzioni Midi player,Opzioni Midi player,Opciones de reproductor MIDI
Sound in Menus,SNDMNU_MENUSOUND,,Suono nei menù,Suono nei menù,
Advanced Sound Options,ADVSNDMNU_TITLE,,Opzioni avanzate dei suoni,Opzioni avanzate dei suoni,Opciones avanzadas de sonido
Sample rate,ADVSNDMNU_SAMPLERATE,,,,Frecuencia de muestreo
HRTF,ADVSNDMNU_HRTF,,,,
OPL Synthesis,ADVSNDMNU_OPLSYNTHESIS,,,,Síntesis OPL
Number of emulated OPL chips,ADVSNDMNU_OPLNUMCHIPS,,Numero di chip OPL emulati,Numero di chip OPL emulati,Número de chips OPL emulados
Full MIDI stereo panning,ADVSNDMNU_OPLFULLPAN,,,,Balance estéreo MIDI completo
OPL Emulator Core,ADVSNDMNU_OPLCORES,,,,Núcleo de emulador OPL
MIDI voices,ADVSNDMNU_MIDIVOICES,,Voci MIDI,Voci MIDI,Voces MIDI
FluidSynth,ADVSNDMNU_FLUIDSYNTH,,,,
Global,ADVSNDMNU_GLOBAL,,Globale,Globale,
Freeverb,ADVSNDMNU_FREEVERB,,,,
Global Freeverb,ADVSNDMNU_GLOBAL_FREEVERB,,Freeverb globale,Freeverb globale,Freeverb Global
Patch set,ADVSNDMNU_FLUIDPATCHSET,,,,Set de parche
Gain,ADVSNDMNU_FLUIDGAIN,,,,Ganancia
Reverb,ADVSNDMNU_REVERB,,,,Reverberación
Reverb Level,ADVSNDMNU_REVERB_LEVEL,,,,Nivel de reverberación
Chorus,ADVSNDMNU_CHORUS,,,,
Timidity++,ADVSNDMNU_TIMIDITY,,,,
ADLMidi,ADVSNDMNU_ADLMIDI,,,,
OPNMidi,ADVSNDMNU_OPNMIDI,,,,
Timidity config file,ADVSNDMNU_TIMIDITYCONFIG,,File configurazione Timidity,File configurazione Timidity,Ruta al archivo config. Timidity
Relative volume,ADVSNDMNU_TIMIDITYVOLUME,,Volume relativo,Volume relativo,Volumen relativo
WildMidi,ADVSNDMNU_WILDMIDI,,,,
WildMidi config file,ADVSNDMNU_WILDMIDICONFIG,,File WildMidi config,File WildMidi config,Archivo de config. WildMidi
Select configuration,ADVSNDMNU_SELCONFIG,,Seleziona la configurazione,Seleziona la configurazione,Seleccionar configuración
Advanced Resampling,ADVSNDMNU_ADVRESAMPLING,,Resampling avanzato,Resampling avanzato,Resampleo avanzado
OPL Bank,ADVSNDMNU_OPLBANK,,,,Banco OPL
OPL Emulator Core,ADVSNDMNU_ADLOPLCORES,,,,Núcleos de emulador OPL
Run emulator at PCM rate,ADVSNDMNU_RUNPCMRATE,,Esegui l'emulatore con rate PCM,Esegui l'emulatore con rate PCM,Ejecutar emulador a velocidad PCM
Number of emulated OPL chips,ADVSNDMNU_ADLNUMCHIPS,,Numero di chip OPL emulati,Numero di chip OPL emulati,Número de chips OPL emulados
Volume model,ADVSNDMNU_VLMODEL,,Modello di volume,Modello di volume,Modelo de volumen
OPN2 Emulator Core,ADVSNDMNU_OPNCORES,,,,Núcleo de emulador OPN2
GUS Emulation,ADVSNDMNU_GUSEMULATION,,,,Emulación GUS
GUS config file,ADVSNDMNU_GUSCONFIG,,File GUS config,File GUS config,Archivo de config. GUS
Read DMXGUS lumps,ADVSNDMNU_DMXGUS,,Leggi i lump DMXGUS,Leggi i lump DMXGUS,Leer archivos DMXGUS
GUS memory size,ADVSNDMNU_GUSMEMSIZE,,Dimensione della memoria per GUS,Dimensione della memoria per GUS,Tamaño de memoria de GUS
Number of emulated OPN chips,ADVSNDMNU_OPNNUMCHIPS,,Numero di chip OPN emulati,Numero di chip OPN emulati,Número de chip OPN emulados
Use custom WOPL bank,ADVSNDMNU_ADLCUSTOMBANK,,Usa WOPL bank personalizzato,Usa WOPL bank personalizzato,Utilizar banco WOPL personalizado
WOPL Bank file,ADVSNDMNU_OPLBANKFILE,,File WOPL Bank,File WOPL Bank,Archivo de banco WOPL
Use custom WOPN bank,ADVSNDMNU_OPNCUSTOMBANK,,Usa WOPN bank personalizzato,Usa WOPN bank personalizzato,Utilizar banco WOPN personalizado
WOPN Bank file,ADVSNDMNU_OPNBANKFILE,,File WOPN Bank,File WOPN Bank,Archivo de banco WOPN
Aliasing,OPTVAL_ALIASING,,,,
Linear,OPTVAL_LINEAR_1,,Lineare,Lineare,Lineal
Linear,OPTVAL_LINEAR_2,,Lineare,Lineare,Lineal
Linear,OPTVAL_LINEAR_3,,Lineare,Lineare,Lineal
Nearest,OPTVAL_NEAREST,,Il più vicino,Il più vicino,Cercano
PCF (Low),OPTVAL_PCF_LOW,,PCF (basso),PCF (basso),PCF (Bajo)
PCF (Medium),OPTVAL_PCF_MEDIUM,,PCF (medio),PCF (medio),PCF (Medio)
PCF (High),OPTVAL_PCF_HIGH,,PCF (alto),PCF (alto),PCF (Alto)
Cubic,OPTVAL_CUBIC,,Cubico,Cubico,Cúbico
Band-limited step,OPTVAL_BLEP,,Passo limitato dalla banda,Passo limitato dalla banda,Paso limitado por banda
Linear (Slower),OPTVAL_LINEARSLOW,,Lineare (più lento),Lineare (più lento),Lineal (más lento)
Band-limited linear,OPTVAL_BLAM,,Lineare limitato dalla banda,Lineare limitato dalla banda,Lineal limitado por banda
Cubic (Slower),OPTVAL_CUBICSLOW,,Cubico (più lento),Cubico (più lento),Cúbico (más lento)
Sinc,OPTVAL_SINC,,,,Seno cardinal
Note on/off only,OPTVAL_NOTEONOFFONLY,,Note solamente ON/OFF,Note solamente ON/OFF,Solo notas de Activ./Desact.
Full ramping,OPTVAL_FULLRAMPING,,Ramping completo,Ramping completo,Aumento completo
,,,,,
Quality,MODMNU_QUALITY,,Qualità,Qualità,Calidad
Volume ramping,MODMNU_VOLUMERAMPING,,Ramping volume,Ramping volume,Aumento gradual de Volumen
Chip-o-matic,MODMNU_CHIPOMATIC,,,,
MAME OPL2,OPTVAL_MAMEOPL2,,,,
DOSBox OPL3,OPTVAL_DOSBOXOPL3,,,,
Java OPL3,OPTVAL_JAVAOPL3,,,,
Nuked OPL3,OPTVAL_NUKEDOPL3,,,,
MAME YM2612,OPTVAL_MAMEOPN2,,,,
Neko Project II Kai OPNA,OPTVAL_NP2OPNA,,,,
MAME YM2608,OPTVAL_MAMEOPNA,,,,
PMDWin OPNA,OPTVAL_PMDWINOPNA,,,,
Opal OPL3,OPTVAL_OPALOPL3,,,,
Nuked OPL3 v1.7.4,OPTVAL_NUKEDOPL3174,,,,
Nuked OPN2,OPTVAL_NUKEDOPN2,,,,
GENS YM2612,OPTVAL_GENSOPN2,,,,
Auto (Use setup of bank),ADLVLMODEL_AUTO,,Automatico (Usa le impostazioni del bank),Automatico (Usa le impostazioni del bank),Auto (Usar config. del banco)
Generic,ADLVLMODEL_GENERIC,,Generico,Generico,Genérico
OPL Native,ADLVLMODEL_NATIVE,,,,Nativo OPL
"DMX (Accurate, with AM bug)",ADLVLMODEL_DMX,,,,
"Apogee (Accurate, with AM bug)",ADLVLMODEL_APOGEE,,,,
Win9X-like (SB16),ADLVLMODEL_WIN9X,,,,Como Win9X (SB16)
Win9X-like (Generic FM),ADLVLMODEL_WIN9XGENERIC,,,,Como Win9X (Generic FM)
DMX (Without AM voice bug),ADLVLMODEL_DMX_FIXED,,,,DMX (Sin bug de voz AM)
Apogee (Without AM voice bug),ADLVLMODEL_APOGEE_FIXED,,,,Apogee (Sin bug de voz AM)
IBM Audio Library Interface,ADLVLMODEL_AIL,,,,
HMI Sound Operating System,ADLVLMODEL_HMI,,,,
"HMI SOS (Old, with bugs)",ADLVLMODEL_HMIOLD,,,,"HMI SOS (Viejo, con bugs)"
Unlimited,OPTVAL_UNLIMITED,,Illimitato,Illimitato,Ilimitado
256K,OPTVAL_256K,,,,
512K,OPTVAL_512K,,,,
768K,OPTVAL_768K,,,,
1024K,OPTVAL_1024K,,,,
,,,,,
Uncharted 2,OPTVAL_UNCHARTED2,,,,
Hejl Dawson,OPTVAL_HEJLDAWSON,,,,
Reinhard,OPTVAL_REINHARD,,,,
Palette,OPTVAL_PALETTE,,Palette,Palette,Paleta
Low,OPTVAL_LOW,,Basso,Basso,Bajo
Medium,OPTVAL_MEDIUM,,Medio,Medio,Medio
High,OPTVAL_HIGH,,Alto,Alto,Alto
Extreme,OPTVAL_EXTREME,,Estremo,Estremo,Extremo
Obverse,OPTVAL_OBVERSEFIRST,,Dritto,Dritto,Anverso
Reverse,OPTVAL_REVERSEFIRST,,Contrario,Contrario,Inverso
Postprocessing,GLMNU_POSTPROCESS,,,,Postprocesado
Tonemap Mode,GLPREFMNU_TONEMAP,,Modalità Tonemap,Modalità Tonemap,Modo de mapa de tonos
Lens distortion effect,GLPREFMNU_LENS,,Effetto distorsione della lente,Effetto distorsione della lente,Efecto de distorsión de lente
,,,,,Calidad FXAA
Dither output,GLPREFMNU_DITHER,,Dithering,Dithering,Dither de salida
Tonemap Palette Order,GLPREFMNU_PALTONEMAPORDER,,Ordine della Palette Tonemap,Ordine della Palette Tonemap,Orden de la paleta en mapa de tonos
Tonemap Palette Exponent,GLPREFMNU_PALTONEMAPPOWER,,Esponente della Palette Tonemap,Esponente della Palette Tonemap,Exponente paleta en mapa de tonos
,,,,,Multisampling
,,,,,Efecto Bloom
Ambient occlusion quality,GLPREFMNU_SSAO,,Qualità occlusione ambientale,Qualità occlusione ambientale,Calidad de oclusión ambiental
Portals with AO,GLPREFMNU_SSAO_PORTALS,,Portali con l'OA,Portali con l'OA,Portales con OA
Menu Blur,GLPREFMNU_MENUBLUR,,Blur del menu,Blur del menu,Difuminación de menú
Environment map on mirrors,GLPREFMNU_ENVIRONMENTMAPMIRROR,,Ambiente mappa sugli specchi,Ambiente mappa sugli specchi,Mapa de entorno en espejos
,,,,,Calidad de renderizado
Speed,OPTVAL_SPEED,,Prestazioni,Prestazioni,Velocidad
Quality,OPTVAL_QUALITY,,Qualità,Qualità,Calidad
Sector light mode,GLPREFMNU_SECLIGHTMODE,,Modalità luce di settore,Modalità luce di settore,Modo de luz de sector
,,,,,Modo de niebla
Radial,OPTVAL_RADIAL,,Radiale,Radiale,
Standard,OPTVAL_STANDARD,,,,Estándar
,,,,,
,,,,,
,,,,,
None (nearest mipmap),OPTVAL_NONENEARESTMIPMAP,,Nessuno (mipmap più vicina),Nessuno (mipmap più vicina),Ninguno (mipmap cercano)
None (linear mipmap),OPTVAL_NONELINEARMIPMAP,,Nessuno (mipmap lineare),Nessuno (mipmap lineare),Ninguno (mipmap lineal)
None (trilinear),OPTVAL_NONETRILINEAR,,Nessuno (mipmap trilineare),Nessuno (mipmap trilineare),Ninguno (trilineal)
Bilinear,OPTVAL_BILINEAR,,Bilineare,Bilineare,Bilineal
Trilinear,OPTVAL_TRILINEAR,,Trilineare,Trilineare,Trilineal
2x,OPTVAL_2X,,,,
4x,OPTVAL_4X,,,,
8x,OPTVAL_8X,,,,
16x,OPTVAL_16X,,,,
32x,OPTVAL_32X,,,,
Texture Options,GLTEXMNU_TITLE,,Opzioni Texture,Opzioni Texture,Opciones de texturas
Textures enabled,GLTEXMNU_TEXENABLED,,Texture abilitate,Texture abilitate,Texturas activadas
Enable hires textures,GLTEXMNU_ENABLEHIRES,,Abilita texture alta qualità,Abilita texture alta qualità,Activar texturas de alta resolución
High Quality Resize mode,GLTEXMNU_HQRESIZE,,Modalità resize alta qualità,Modalità resize alta qualità,Modo de ajuste de alta calidad
High Quality Resize multiplier,GLTEXMNU_HQRESIZEMULT,,Moltiplicatore resize alta qualità,Moltiplicatore resize alta qualità,Multiplicador de ajuste de alta calidad
This mode requires %d times more video memory,GLTEXMNU_HQRESIZEWARN,,"gia' che l gioco gira demmerda, attiva anche sta stronzata, bravo!",Questa modalità richiede %d volte la memoria video,Este modo requiere %d veces más memoria de vídeo
Resize textures,GLTEXMNU_RESIZETEX,,Resize delle texture,Resize delle texture,Ajustar texturas
Resize sprites,GLTEXMNU_RESIZESPR,,Resize degli sprite,Resize degli sprite,Ajustar sprites
Resize fonts,GLTEXMNU_RESIZEFNT,,Resize dei font,Resize dei font,Ajustar fuentes
Resize model skins,GLTEXMNU_RESIZESKN,,Ridimensiona skin modello,Ridimensiona skin modello,Ajustar texturas de modelo
Precache GL textures,GLTEXMNU_PRECACHETEX,,Precache texture GL,Precache texture GL,Precaché de texturas GL
Video Mode,VIDMNU_TITLE,,Modalità video,Modalità video,Modos de vídeo
Scaled (Nearest),OPTVAL_SCALENEAREST,,Scalato (più vicino),Scalato (più vicino),Escalado (Lo más cerca)
Scaled (Linear),OPTVAL_SCALELINEAR,,Scalato (lineare),Scalato (lineare),Escalado (Lineal)
Letterbox,OPTVAL_LETTERBOX,,Bande nere,Bande nere,Barras negras
Stretch,OPTVAL_STRETCH,,Disteso,Disteso,Estrechado
Render Mode,VIDMNU_RENDERMODE,,Modalità rendering,Modalità rendering,Modo de renderizado
,,,,,
Retina/HiDPI support,VIDMNU_HIDPI,,Supporto Retina/HiDPi,Supporto Retina/HiDPi,Soporte para Retina/HiDPI
Aspect ratio,VIDMNU_ASPECTRATIO,,Proporzioni,Proporzioni,Relación de aspecto
Force aspect ratio,VIDMNU_FORCEASPECT,,Forza le proporzioni video,Forza le proporzioni video,Forzar relación de aspecto
Forced ratio style,VIDMNU_CROPASPECT,,Forza lo stile delle proporzioni,Forza lo stile delle proporzioni,Relación de aspecto forzada
Enable 5:4 aspect ratio,VIDMNU_5X4ASPECTRATIO,,Abilita le proporzioni 5:4,Abilita le proporzioni 5:4,Activar relación de aspecto 5:4
Resolution scale,VIDMNU_SCALEMODE,,Scala di risoluzione,Scala di risoluzione,Escala de resolución
,,,,,Factor de escala
Use Linear Scaling (Fullscreen),VIDMNU_USELINEAR,,Usa lo scaling lineare (a schermo pieno),Usa lo scaling lineare (a schermo pieno),Usar escalado linear (Pant. completa)
Custom Pixel Scaling,VIDMNU_CUSTOMRES,,Scaling dei pixel personalizzato,Scaling dei pixel personalizzato,Escalado de píxel personalizado
,,,,,Ancho personalizado
,,,,,Alto personalizado
,,,,,Aplicar cambios (Ventana)
,,,,,Aplicar cambios (Pant. completa)
,,,,,Elegir resolución predefinida
Custom Resolution Presets,VIDMNU_RESPRESETTTL,,Preset di risoluzione personalizzati,Preset di risoluzione personalizzati,Resoluciones predefinidas personalizadas
Preset Resolution Modes,VIDMNU_RESPRESETHEAD,,Modalità preset di risoluzione,Modalità preset di risoluzione,Modos de resolución predefinida
4:3 Aspect,VIDMNU_ASPECT43,,Aspetto 4:3,Aspetto 4:3,Aspecto 4:3
5:4 Aspect,VIDMNU_ASPECT54,,Aspetto 5:4,Aspetto 5:4,Aspecto 5:4
16:9 Aspect,VIDMNU_ASPECT169,,Aspetto 16:9,Aspetto 16:9,Aspecto 16:9
16:10 Aspect,VIDMNU_ASPECT1610,,Aspetto 16:10,Aspetto 16:10,Aspecto 16:10
21:9 Aspect,VIDMNU_ASPECT219,,Aspetto 21:9,Aspetto 21:9,Aspecto 21:9
Normal,OPTVAL_NORMAL,,Normale,Normale,
Lowest Possible Scale,OPTVAL_LOWEST,,Scala minima,Scala minima,Menor escala posible
Custom,OPTVAL_CUSTOM,,Personalizzato,Personalizzato,Personalizado
,,,,,
60 fps,OPTVAL_60FPS,,,,
75 fps,OPTVAL_75FPS,,,,
90 fps,OPTVAL_90FPS,,,,
120 fps,OPTVAL_120FPS,,,,
144 fps,OPTVAL_144FPS,,,,
200 fps,OPTVAL_200FPS,,,,
Preferred Rendering API,VIDMNU_PREFERBACKEND,,API di rendering preferita,API di rendering preferita,API de renderizado preferida
OpenGL,OPTVAL_OPENGL,,,,
Vulkan,OPTVAL_VULKAN,,,,
OpenGL ES,OPTVAL_OPENGLES,,,,
,,,,,
Merge left+right Alt/Ctrl/Shift,MISCMNU_MERGEKEYS,,Unisci sinistra+destra Alt/Control/Maiusc,Unisci sinistra+destra Alt/Control/Maiusc,Combinar Alt/Ctrl/Mayús izq. y der.
Alt-Enter toggles fullscreen,MISCMNU_WINFULLSCREENTOGGLE,,Alt-Invio attiva/disattiva lo schermo pieno,Alt-Invio attiva/disattiva lo schermo pieno,Alt+Enter alterna pantalla completa
Command-F toggles fullscreen,MISCMNU_MACFULLSCREENTOGGLE,,Command-F attiva/disattiva lo schermo pieno,Command-F attiva/disattiva lo schermo pieno,Cmd-F alterna pantalla completa
Enable autosaves,MISCMNU_ENABLEAUTOSAVES,,Abilita i salvataggi automatici,Abilita i salvataggi automatici,Activar autoguardado
Number of autosaves,MISCMNU_AUTOSAVECOUNT,,Numero di salvataggi automatici,Numero di salvataggi automatici,Cantidad máxima de autoguardados
Save/Load confirmation,MISCMNU_SAVELOADCONFIRMATION,,Conferma Salvataggio/Caricamento,Conferma Salvataggio/Caricamento,Confirmación al guardar/cargar
Disable keyboard cheats,MISCMNU_NOCHEATS,,Disabilita i trucchi classici,Disabilita i trucchi classici,Desactivar trucos por teclado
Quicksave rotation,MISCMNU_QUICKSAVEROTATION,,Rotazione del quicksave,Rotazione del quicksave,Rotación al hacer un guardado rápido
Number of quicksaves in rotation,MISCMNU_QUICKSAVECOUNT,,Numero di quicksave in rotazione,Numero di quicksave in rotazione,Cantidad de guardados rápidos en rotación
Disable Menu Clean Scaling,MISCMNU_CLEANMENU,,Disabilita il fattore di scala pulito del menu,Disabilita il fattore di scala pulito del menu,El menú principal ocupa toda la pantalla
Pause game in background,MISCMNU_PAUSEINBACKGROUND,,Pausa il gioco in background,Pausa il gioco in background,Pausar el juego en segundo plano
,,,,,
Crosshair color,HUDMNU_CROSSHAIRCOLOR,,Colore mirino,Colore mirino,Color de la retícula
Crosshair shows health,HUDMNU_CROSSHAIRHEALTH,,Il mirino mostra la salute,Il mirino mostra la salute,Mostrar salud en retícula
Scale crosshair,HUDMNU_CROSSHAIRSCALE,,Fattore di scala del mirino,Fattore di scala del mirino,Escalar retícula
Standard,OPTVAL_YES_STANDARD,,,,Estándar
Enhanced,OPTVAL_YES_ENHANCED,,Migliorata,Migliorata,Mejorado
,,,,,
,,,,,
Undo Changes,TXT_UNDOCHANGES,,Revocare le modifiche,Revocare le modifiche,Anular cambios
Select Environment,REVMNU_SELECT,,Seleziona ambiente,Seleziona ambiente,Seleccionar ambiente
Test Environment,REVMNU_TEST,,Testa ambiente,Testa ambiente,Probar ambiente
Edit Environment,REVMNU_EDIT,,Modifica ambiente,Modifica ambiente,Editar ambiente
New Environment,REVMNU_NEW,,Nuovo ambiente,Nuovo ambiente,Nuevo ambiente
Revert settings,REVMNU_REVERT,,Ripristina le impostazioni,Ripristina le impostazioni,Revertir configuración
Environment Size,REVMNU_ENVIRONMENT_SIZE,,Dimensioni dell'ambiente,Dimensioni dell'ambiente,Tamaño de ambiente
Environment Diffusion,REVMNU_ENVIRONMENT_DIFFUSION,,Diffusione dell'ambiente,Diffusione dell'ambiente,Difusión de ambiente
Room,REVMNU_ROOM,,,,Sala
Room HF,REVMNU_ROOM_HF,,,,Sala (Frecuencia alta)
Room LF,REVMNU_ROOM_LF,,,,Sala (Frecuencia baja)
Decay Time,REVMNU_DECAY_TIME,,,,Tiempo de decadencia
Decay HF Ratio,REVMNU_DECAY_HF_RATIO,,,,Ratio de decadencia (Frecuencia alta)
Decay LF Ratio,REVMNU_DECAY_LF_RATIO,,,,Ratio de decadencia (Frecuencia baja)
Reflections,REVMNU_REFLECTIONS,,,,Reflejos
Reflections Delay,REVMNU_REFLECTIONS_DELAY,,,,Retraso de reflejos
Reflections Pan X,REVMNU_REFLECTIONS_PAN_X,,,,Desplazamiento en X de reflejos
Reflections Pan Y,REVMNU_REFLECTIONS_PAN_Y,,,,Desplazamiento en Y de reflejos
Reflections Pan Z,REVMNU_REFLECTIONS_PAN_Z,,,,Desplazamiento en Z de reflejos
Reverb,REVMNU_REVERB,,,,Reverberación
Reverb Delay,REVMNU_REVERB_DELAY,,,,Retraso de reverberación
Reverb Pan X,REVMNU_REVERB_PAN_X,,,,Desplazamiento en X de reverberación
Reverb Pan Y,REVMNU_REVERB_PAN_Y,,,,Desplazamiento en Y de reverberación
Reverb Pan Z,REVMNU_REVERB_PAN_Z,,,,Desplazamiento en Z de reverberación
Echo Time,REVMNU_ECHO_TIME,,,,Tiempo de eco
Echo Depth,REVMNU_ECHO_DEPTH,,,,Profundidad de eco
Modulation Time,REVMNU_MODULATION_TIME,,,,Tiempo de modulación
Modulation Depth,REVMNU_MODULATION_DEPTH,,,,Profundidad de modulación
Air Absorption HF,REVMNU_AIR_ABSORPTION_HF,,,,Absorción en aire de frecuencia alta
HF Reference,REVMNU_HF_REFERENCE,,,,Referencia de frecuencia alta
LF Reference,REVMNU_LF_REFERENCE,,,,Referencia de frecuencia baja
Room Rolloff Factor,REVMNU_ROOM_ROLLOFF_FACTOR,,,,Factor de Roll-off de sala
Diffusion,REVMNU_DIFFUSION,,,,Difusión
Density,REVMNU_DENSITY,,,,Densidad
Reflections Scale,REVMNU_Reflections_Scale,,,,Escala de reflejos
Reflections Delay Scale,REVMNU_Reflections_Delay_Scale,,,,Escala de retraso de reflejos
Decay Time Scale,REVMNU_Decay_Time_Scale,,,,Escala de tiempo de decadencia
Decay HF Limit,REVMNU_Decay_HF_Limit,,,,Limite de decadencia de alta frecuencia
Reverb Scale,REVMNU_Reverb_Scale,,,,Escala de reverberación
Reverb Delay Scale,REVMNU_Reverb_Delay_Scale,,,,Escala de retraso de reverberación
Echo Time Scale,REVMNU_Echo_Time_Scale,,,,Escala de tiempo de eco
Modulation Time Scale,REVMNU_Modulation_Time_Scale,,,,Escala de tiempo de modulación
Based on,REVMNU_Based_on,,Basato su,Basato su,Basado en
Name,REVMNU_Name,,Nome,Nome,Nombre
ID #1,REVMNU_ID_1,,ID N°1,ID N°1,ID Nº1
ID #2,REVMNU_ID_2,,ID N°2,ID N°2,ID Nº2
Create,REVMNU_Create,,Creare,Creare,Crear
Save...,REVMNU_Save,,Salvare...,Salvare...,Guardar...
File name,REVMNU_File_name,,Nome del file,Nome del file,Nombre de archivo
Environments to save,REVMNU_Environments_to_save,,Ambienti da salvare,Ambienti da salvare,Ambientes para guardar
,,,,,
Vulkan Options (Experimental),DSPLYMNU_VKOPT,,Opzioni Vulkan (Sperimentale),Opzioni Vulkan (Sperimentale),Opciones de Vulkan (Experimental)
Vulkan Options,VK_TITLE,,Opzioni Vulkan,Opzioni Vulkan,Opciones de Vulkan
Enable Vulkan,VKMNU_ENABLE,,Abilita Vulkan,Abilita Vulkan,Activar Vulkan
Vulkan Device ID,VKMNU_DEVICE,,Dispositivo ID Vulkan,Dispositivo ID Vulkan,ID de dispositivo Vulkan
High Dynamic Range,VKMNU_HDR,,,,Alto rango dinámico
Warning: The Vulkan renderer is highly experimental!,VK_WARNING,,Attenzione: GZDOOM fa cagare!,Attenzione: il motore grafico Vulkan è altamente sperimentale!,Advertencia: ¡El renderizado por Vulkan es altamente experimental!
These options will require a restart to take effect.,VK_RESTART,,Devi riavvia' l computer se vuoi farlo gira' meglio,Queste opzioni richiedono il riavvio per avere effetto.,Estas opciones requieren reiniciar para tener efecto.
Select Vulkan Device,VKMNU_DEVICESELECT,,Seleziona il Dispositivo Vulkan,Seleziona il Dispositivo Vulkan,Seleccionar dispositivo Vulkan
,,,,,
ScaleNx,OPTVAL_SCALENX,,,,
NormalNx,OPTVAL_NORMALNX,,,,
hqNx,OPTVAL_HQNX,,,,
hqNx MMX,OPTVAL_HQNXMMX,,,,
xBRZ,OPTVAL_NXBRZ,,,,
Old xBRZ,OPTVAL_OLD_NXBRZ,,Vecchio xBRZ,Vecchio xBRZ,Antiguo xBRZ
,,,,,
Option Search,OS_TITLE,,Opzioni di ricerca,Opzioni di ricerca,Buscar opciones
Search for any term,OS_ANY,,Cerca per ciascun termine,Cerca per ciascun termine,Buscar cualquier término
Search for all terms,OS_ALL,,Cerca per tutti i termini,Cerca per tutti i termini,Buscar todos los términos
No results found.,OS_NO_RESULTS,,Nessun risultato trovato.,Nessun risultato trovato.,Ningún resultado.
Search:,OS_LABEL,,Trova:,Trova:,Buscar:
,,,,,
%k boned %o like a fish,TXT_OBITUARY1,,%k ha dissossato %o come un pesce,%k ha dissossato %o come un pesce,%k ha deshuesado a %o como a un pescado
%k castrated %o,TXT_OBITUARY2,,%k ha castrato %o,%k ha castrato %o,%k ha castrado a %o
%k creamed %o,TXT_OBITUARY3,,%k ha cremato %o,%k ha cremato %o,%k ha cremado a %o
%k decimated %o,TXT_OBITUARY4,,%k ha decimato %o,%k ha decimato %o,%k ha diezmado a %o
%k destroyed %o,TXT_OBITUARY5,,%k ha distrutto %o,%k ha distrutto %o,%k ha destruido a %o
%k diced %o,TXT_OBITUARY6,,%k ha tagliato a cubetti %o,%k ha tagliato a cubetti %o,%k ha picado en cubitos a %o
%k disembowled %o,TXT_OBITUARY7,,%k ha smembrato %o,%k ha smembrato %o,%k ha destripado a %o
%k flattened %o,TXT_OBITUARY8,,%k ha schiacciato %o,%k ha schiacciato %o,%k ha aplanado a %o
%k gave %o Anal Justice,TXT_OBITUARY9,,%k ha dato a %o Giustizia Anale,%k ha dato a %o Giustizia Anale,%k le ha dado justicia anal a %o
%k gave AnAl MaDnEsS to %o,TXT_OBITUARY10,,%k ha dato FoLlIa AnAle a %o,%k ha dato FoLlIa AnAle a %o,%k le ha dado LoCuRa AnAl a %o
%k killed %o,TXT_OBITUARY11,,%k ha ucciso %o,%k ha ucciso %o,%k ha matado a %o
%k made mincemeat out of %o,TXT_OBITUARY12,,%k ha triturato %o,%k ha triturato %o,%k ha hecho picadillo de %o
%k massacred %o,TXT_OBITUARY13,,%k ha fatto di %o carne tritata,%k ha fatto di %o carne tritata,%k ha masacrado a %o
%k mutilated %o,TXT_OBITUARY14,,%k ha massacrato %o,%k ha massacrato %o,%k ha mutilado a %o
%k reamed %o,TXT_OBITUARY15,,%k ha squartato %o,%k ha squartato %o,%k ha escariado a %o
%k ripped %o a new orifice,TXT_OBITUARY16,,%k ha aperto a %o un altro orifizio,%k ha aperto a %o un altro orifizio,%k le ha hecho a %o un nuevo orificio
%k slaughtered %o,TXT_OBITUARY17,,%k ha macellato %o,%k ha macellato %o,%k ha sacrificado a %o
%k smashed %o,TXT_OBITUARY18,,%k ha distrutto %o,%k ha distrutto %o,%k ha destrozado a %o
%k sodomized %o,TXT_OBITUARY19,,%k ha sodomizzato %o,%k ha sodomizzato %o,%k ha sodomizado a %o
%k splattered %o,TXT_OBITUARY20,,%k ha spiaccicato %o,%k ha spiaccicato %o,%k ha rociado a %o
%k squashed %o,TXT_OBITUARY21,,%k ha schiacciato %o,%k ha schiacciato %o,%k ha aplastado a %o
%k throttled %o,TXT_OBITUARY22,,%k ha strozzato %o,%k ha strozzato %o,%k ha estrangulado a %o
%k wasted %o,TXT_OBITUARY23,,%k ha distrutto %o,%k ha distrutto %o,%k ha desechado a %o
%k body bagged %o,TXT_OBITUARY24,,%k ha mandato %o all'obitorio,%k ha mandato %o all'obitorio,%k ha embolsado a %o
%k sent %o to Hell,TXT_OBITUARY25,,%k ha spedito %o all'Inferno,%k ha spedito %o all'Inferno,%k ha enviado a %o al infierno
%k toasted %o,TXT_OBITUARY26,,%k ha arrostito %o,%k ha arrostito %o,%k ha tostado a %o
%k snuffed %o,TXT_OBITUARY27,,%k ha spento %o,%k ha spento %o,%k ha aspirado a %o
%k hosed %o,TXT_OBITUARY28,,%k l'ha fatta sopra %o,%k l'ha fatta sopra %o,%k se ha cargado a %o
%k sprayed %o,TXT_OBITUARY29,,%k ha vaporizzato %o,%k ha vaporizzato %o,%k ha pulverizado a %o
%k made dog meat out of %o,TXT_OBITUARY30,,%k ha fatto di %o polpette,%k ha fatto di %o polpette,%k ha hecho comida para perros de %o
%k beat %o like a cur,TXT_OBITUARY31,,%k ha battuto %o come un cane,%k ha battuto %o come un cane,%k ha pateado a %o como a un perro callejero
%o is excrement,TXT_SELFOBIT1,,%o è un escremento,%o è un escremento,%o es excremento
%o is hamburger,TXT_SELFOBIT2,,%o è un hamburger,%o è un hamburger,%o es una hamburguesa
%o suffered scrotum separation,TXT_SELFOBIT3,,%o ha subito la separazione dello scroto,%o ha subito la separazione dello scroto,%o ha sufrido separación de escroto
%o volunteered for population control,TXT_SELFOBIT4,,%o si è offerto per il controllo della popolazione,%o si è offerto per il controllo della popolazione,%o se ha hecho voluntario para control de población
%o has suicided,TXT_SELFOBIT5,,%o si è suicidato,%o si è suicidato,%o se ha suicidado
%o received the Darwin Award,TXT_SELFOBIT6,,%o ha ricevuto il Darwin Award,%o ha ricevuto il Darwin Award,%o ha recibido el Premio Darwin
,USE_GENERIC_FONT,,,,
,REQUIRED_CHARACTERS,,,,
Full options menu,OPTMNU_FULLOPTIONS,,Opzioni complete,Opzioni complete,Menú de opciones completo
Simple options menu,OPTMNU_SIMPLEON,,Opzioni base,Opzioni base,Menú de opciones simplificado
Browse Game Config,OPTMNU_OPENCONFIG,,Apri le Configurazioni di Gioco,Apri le Configurazioni di Gioco,Abrir carpeta de configuración de juego
Browse Screenshots,OPTMNU_OPENSCREENSHOTS,,Apri gli Screenshot,Apri gli Screenshot,Abrir carpeta de capturas de pantalla
Browse Saved Games,OPTMNU_OPENSAVES,,Apri i Giochi Salvati,Apri i Giochi Salvati,Abrir carpeta de partidas guardadas
Swap mouse buttons,MOUSEMNU_SWAPBUTTONS,,Inverti i comandi del mouse,Inverti i comandi del mouse,Alternar botones de ratón
,,,,,
Only modified,OPTVAL_ONLYMODIFIED,,Solo modificato,Solo modificato,Solo modificados
Unknown,TXT_UNKNOWN,,Sconosciuto,Sconosciuto,Desconocido
HUD,OPTVAL_HUD,,,,
Automap,OPTVAL_AUTOMAP,,Automappa,Automappa,Automapa
HUD + Automap,OPTVAL_HUDANDMAP,,HUD + Automappa,HUD + Automappa,HUD + Automapa
This savegame needs these files,TXT_SAVEGAMENEEDS,,Questo salvataggio ha bisogno di questi file,Questo salvataggio ha bisogno di questi file,Esta partida guardada necesita los siguientes archivos
Multiplayer Options,OPTMNU_MULTIPLAYER,,Opzioni multigiocatore,Opzioni multigiocatore,Opciones del multijugador
Input Options,OPTMNU_INPUT,,Opzioni di ingresso,Opzioni di ingresso,Opciones de entrada (input)
System Options,OPTMNU_SYSTEM,,Opzioni di sistema,Opzioni di sistema,Opciones del sistema
Light Options,OPTMNU_LIGHT,,Opzioni luce,Opzioni luce,Opciones de iluminación
Sprite Options,OPTMNU_SPRITE,,Opzioni Sprite,Opzioni Sprite,Opciones de los «sprites»
Coronas,GLPREFMNU_CORONAS,,Corone,Corone,Focos de luz
Appearance,DSPLYMNU_APPEARANCE,,Aspetto,Aspetto,Apariencia
Advanced Display Options,DSPLYMNU_ADVANCED,,Opzioni di visualizzazione avanzate,Opzioni di visualizzazione avanzate,Opciones avanzadas de visualización
,,,,,
Select which game file to run.,PICKER_SELECT,,Selezionare il file di gioco da eseguire.,Selezionare il file di gioco da eseguire.,
Play Game,PICKER_PLAY,,Esegui gioco,Esegui gioco,
Exit,PICKER_EXIT,,Esci,Esci,
General,PICKER_GENERAL,,Generale,Generale,
Extra Graphics,PICKER_EXTRA,,Grafica extra,Grafica extra,
Fullscreen,PICKER_FULLSCREEN,,Schermo intero,Schermo intero,
Disable autoload,PICKER_NOAUTOLOAD,,Disabilita il caricamento automatico,Disabilita il caricamento automatico,
Don't ask me again,PICKER_DONTASK,,Non chiedermelo più,Non chiedermelo più,
Lights,PICKER_LIGHTS,,Luci,Luci,
Brightmaps,PICKER_BRIGHTMAPS,,Mappe luminose,Mappe luminose,
Widescreen,PICKER_WIDESCREEN,,Schermo largo,Schermo largo,
Additional Parameters:,PICKER_ADDPARM,,Parametri aggiuntivi:,Parametri aggiuntivi:,
Welcome to %s!,PICKER_WELCOME,,Benvenuti a %s!,Benvenuti a %s!,
Version %s,PICKER_VERSION,,Versione %s,Versione %s,
Rendering API,PICKER_PREFERBACKEND,,API di rendering,API di rendering,API de renderizado
Game,PICKER_TAB_PLAY,,Gioco,Gioco,Juego
Enable this controller,JOYMNU_JOYENABLE,,Abilitare questo controllore,Abilitare questo controllore,Habilitar este controlador
Open Main Menu,CNTRLMNU_OPEN_MAIN,,Aprire il menu principale,Aprire il menu principale,Abrir el menú principal